메인증상,세부 증상,증상분류,고유번호
눈꺼풀이 벌겋게 붓는다,고름과 같은 분비물이 나온다,A증상,1
눈꺼풀이 벌겋게 붓는다,눈꺼풀에 다래끼 같은 것이 생긴다,A증상,1
눈꺼풀이 벌겋게 붓는다,주위의 털이 빠진다,B증상,2
눈꺼풀이 벌겋게 붓는다,바닥이나 발을 이용해 귀를 긁는다,B증상,2
눈을 자주 찌푸린다,누렇고 찐득한 눈곱이 많이 낀다,A증상,3
눈을 자주 찌푸린다,눈꺼풀이 벌겋게 변한다,A증상,3
눈을 자주 찌푸린다,눈을 자주 깜빡인다,A증상,3
눈을 자주 찌푸린다,눈을 자주 비빈다,A증상,3
눈을 자주 찌푸린다,눈꺼풀이 떨린다,B증상,4
눈을 자주 찌푸린다,눈물을 많이 흘린다,B증상,4
눈을 자주 찌푸린다,흰자위가 충혈된다,B증상,4
눈을 자주 찌푸린다,눈꺼풀이 벌겋게 붓는다,B증상,4
눈물을 많이 흘린다,눈꺼풀이 벌겋게 붓는다,A증상,5
눈물을 많이 흘린다,피부를 계속해서 긁는다,A증상,5
눈물을 많이 흘린다,맑은 콧물이 나온다,A증상,5
눈물을 많이 흘린다,기침을 한다,A증상,5
눈물을 많이 흘린다,피부를 계속해서 핥는다,A증상,5
눈물을 많이 흘린다,잘 때 코를 심하게 곤다,A증상,5
눈물을 많이 흘린다,피부가 벌겋게 변한다,A증상,5
눈물을 많이 흘린다,흰자위가 심하게 충혈된다,B증상,6
눈물을 많이 흘린다,눈꺼풀이 떨린다,B증상,6
눈물을 많이 흘린다,눈을 잘 뜨지 못한다,B증상,6
눈물을 많이 흘린다,누렇게 찐득한 눈곱이 많이 낀다,C증상,7
눈물을 많이 흘린다,흰자위가 충혈된다,C증상,7
눈물을 많이 흘린다,눈을 자주 깜빡인다,D증상,8
눈물을 많이 흘린다,눈을 자주 비빈다,D증상,8
눈물을 많이 흘린다,눈꺼풀이 떨린다,D증상,8
눈이 충혈된다,눈을 자주 깜빡인다,A증상,9
눈이 충혈된다,눈을 자주 비빈다,A증상,9
눈이 이상하다,눈의 이상 외에도 경련발작 등의 증상이 있다.,A증상,10
눈이 이상하다,안구가 끊임없이 떨린다,A증상,10
눈이 이상하다,동공이 열린 상태이다. 좌우대칭이 맞지 않는다.,A증상,10
눈이 이상하다,눈을 비비거나 신경을 쓴다.,A증상,10
눈이 이상하다,뿌옇게 보인다.,A증상,10
눈이 이상하다,빛에 민감하게 반응한다.,A증상,10
눈이 이상하다,기운이나 식욕이 저하된다.,A증상,10
눈이 이상하다,눈이 튀어나오듯이 커지고 시력이 저하된다.,A증상,10
눈이 이상하다,눈을 심하게 아파한다 (자주 깜빡인다. 눈을 가늘게 뜬다),A증상,10
눈이 이상하다,눈이 보이지 않는다,A증상,10
눈이 이상하다,눈이 앞으로 튀어나와 있다,A증상,10
눈이 이상하다,눈의 이상 외에도 경련발작 등의 증상이 있다.,B증상,11
눈이 이상하다,안구가 끊임없이 떨린다,B증상,11
눈이 이상하다,동공이 열린 상태이다. 좌우대칭이 맞지 않는다.,B증상,11
눈이 이상하다,고개가 기울어진 상태이다.,B증상,11
눈이 이상하다,눈이 부자연스럽게 파르르 떨린다.,B증상,11
눈이 이상하다,눈을 심하게 아파한다(자주 깜빡인다. 눈을 가늘게 뜬다),C증상,12
눈이 이상하다,눈이 보이지 않는다,C증상,12
눈이 이상하다,렌즈가 하얗고 뿌옇다,C증상,12
눈이 이상하다,동공이 항상 확장되어 있다,C증상,12
눈이 이상하다,계단을 내려가기 무서워한다,C증상,12
눈이 이상하다,움직이는 것에 반응하지 않는다,C증상,12
눈이 이상하다,눈을 심하게 아파한다(자주 깜빡인다. 눈을 가늘게 뜬다),D증상,13
눈이 이상하다,눈이 보이지 않는다,D증상,13
눈이 이상하다,눈을 심하게 아파한다(자주 깜빡인다. 눈을 가늘게 뜬다),E증상,14
눈이 이상하다,눈이 보이지 않는다,E증상,14
눈이 이상하다,끈적거리는 눈곱이 다량으로 나온다,E증상,14
눈이 이상하다,눈이 빨개진다,E증상,14
눈이 이상하다,눈물이 많이 나온다,E증상,14
눈이 이상하다,눈을 가려워하거나 통증이 있다,E증상,14
눈이 이상하다,눈꺼풀이 경련을 일으킨다,E증상,14
눈이 이상하다,눈이 충혈된다,E증상,14
눈이 이상하다,각막은 하얗게 흐리게 보인다,E증상,14
눈이 이상하다,각막 표면이 올라와 그 부분에 혈관이 생긴다,E증상,14
눈이 이상하다,눈을 심하게 아파한다(자주 깜빡인다. 눈을 가늘게 뜬다),F증상,15
눈이 이상하다,눈이 보이지 않는다,F증상,15
눈이 이상하다,끈적거리는 눈곱이 다량으로 나온다,F증상,15
눈이 이상하다,눈이 빨개진다,F증상,15
눈이 이상하다,눈물이 많이 나온다,F증상,15
눈이 이상하다,눈을 가려워하거나 통증이 있다,F증상,15
눈이 이상하다,눈꺼풀이 경련하기도 한다,F증상,15
눈이 이상하다,눈이 앞으로 튀어나와 있다,G증상,16
눈이 이상하다,눈꺼풀이나 결막이 부어오른다,G증상,16
눈이 이상하다,끈적거리는 눈곱이 다량으로 나온다,H증상,17
눈이 이상하다,눈이 빨개진다,H증상,17
눈이 이상하다,눈물이 많이 나온다,H증상,17
눈이 이상하다,눈을 가려워하거나 통증이 있다,H증상,17
눈이 이상하다,끈적이는 눈곱이 다량으로 나온다,I증상,18
눈이 이상하다,눈이 빨개진다,I증상,18
눈이 이상하다,눈물이 많이 나온다,I증상,18
눈이 이상하다,눈을 가려워하거나 통증이 있다,I증상,18
눈이 이상하다,눈에서 코를 따라 털이 적갈색으로 변색된다,I증상,18
눈이 이상하다,눈꺼풀에 염증이 생긴다,I증상,18
눈이 이상하다,끈적거리는 눈곱이 다량으로 나온다,J증상,19
눈이 이상하다,눈이 빨개진다,J증상,19
눈이 이상하다,눈물이 많이 나온다,J증상,19
눈이 이상하다,눈을 가려워하거나 통증이 있다,J증상,19
눈이 이상하다,눈을 비벼서 결막염이나 각막염이 나타난다,J증상,19
눈이 이상하다,끈적거리는 눈곱이 다량으로 나온다,K증상,20
눈이 이상하다,눈이 빨개진다,K증상,20
눈이 이상하다,눈물이 많이 나온다,K증상,20
눈이 이상하다,눈을 가려워하거나 통증이 있다,K증상,20
눈이 이상하다,끈적거리는 눈곱이 다량으로 나온다,L증상,21
눈이 이상하다,눈이 빨개진다,L증상,21
눈이 이상하다,눈물이 많이 나온다,L증상,21
눈이 이상하다,눈을 가려워하거나 통증이 있다,L증상,21
눈이 이상하다,눈에 문제가 있는 듯 자꾸 신경 쓰는 행동을 한다,L증상,21
눈이 이상하다,렌즈가 하얗고 뿌옇다,M증상,22
기지개를 자주 켠다,근육 크기가 작아진다,A증상,23
기지개를 자주 켠다,배뇨 및 배변을 어려워한다,A증상,23
기지개를 자주 켠다,다리 운동이 어색해진다,A증상,23
기지개를 자주 켠다,기력이 없다,B증상,24
기지개를 자주 켠다,배가 부풀어 오른다,B증상,24
기지개를 자주 켠다,복부에 통증을 느낀다,B증상,24
기지개를 자주 켠다,숨을 쉬기 힘들어한다,B증상,24
특정 부위를 계속해서 핥는다,피부에서 각질과 같은 것들이 떨어져 나온다,A증상,25
특정 부위를 계속해서 핥는다,털이 많이 빠진다,A증상,25
특정 부위를 계속해서 핥는다,피부를 가려워한다,A증상,25
특정 부위를 계속해서 핥는다,피부가 벌겋게 변한다,A증상,25
엉덩이를 바닥에 끌고 다닌다,항문 주변이 붓는다,A증상,26
엉덩이를 바닥에 끌고 다닌다,항문 주위를 계속 햝는다,A증상,26
엉덩이를 바닥에 끌고 다닌다,배변을 힘들어한다,A증상,26
엉덩이를 바닥에 끌고 다닌다,대변에 피가 섞여 나온다,B증상,27
엉덩이를 바닥에 끌고 다닌다,항문 밖으로 직장이 튀어나온다,B증상,27
엉덩이를 바닥에 끌고 다닌다,항문 주변을 계속 햝는다,C증상,28
엉덩이를 바닥에 끌고 다닌다,항문 근처 또는 대변에서 기생충이 관찰된다,C증상,28
엉덩이를 바닥에 끌고 다닌다,항문 주위에 종기가 생긴다,D증상,29
엉덩이를 바닥에 끌고 다닌다,항문 주위를 핥는다,D증상,29
엉덩이를 바닥에 끌고 다닌다,고약한 냄새가 난다,D증상,29
한 방향으로 빙빙 돈다,(심할 경우)발작을 일으키거나 의식을 잃는다,A증상,30
한 방향으로 빙빙 돈다,피부 또는 잇몸이 누렇게 변한다,A증상,30
한 방향으로 빙빙 돈다,구토와 설사를 한다,A증상,30
한 방향으로 빙빙 돈다,기력과 식욕이 없다,A증상,30
한 방향으로 빙빙 돈다,비틀거린다,B증상,31
한 방향으로 빙빙 돈다,머리가 기울어진다,B증상,31
한 방향으로 빙빙 돈다,보폭이 커진다,B증상,31
한 방향으로 빙빙 돈다,머리와 몸을 떤다,B증상,31
한 방향으로 빙빙 돈다,걸을 때 힘 조절을 하지 못한다,B증상,31
한 방향으로 빙빙 돈다,몸의 움직임을 스스로 제어하지 못한다,B증상,31
한 방향으로 빙빙 돈다,집 안을 계속 떠돌아다닌다,C증상,32
한 방향으로 빙빙 돈다,잘하던 훈련(앉아. 엎드려)을 행하지 못한다,C증상,32
한 방향으로 빙빙 돈다,항상 가던 길을 찾지 못한다,C증상,32
한 방향으로 빙빙 돈다,이름을 불러도 반응하지 않는다,C증상,32
한 방향으로 빙빙 돈다,구석을 좋아한다,C증상,32
한 방향으로 빙빙 돈다,좋아하던 장난감에 흥미를 느끼지 못한다,C증상,32
한 방향으로 빙빙 돈다,밤에 잠을 잘 자지 못한다,C증상,32
균형을 잘 잡지 못해 비틀거린다,청력이 손상된다,A증상,33
균형을 잘 잡지 못해 비틀거린다,머리와 목이 한쪽으로 기울어져 있다,A증상,33
균형을 잘 잡지 못해 비틀거린다,눈동자의 움직임이 이상해진다,A증상,33
균형을 잘 잡지 못해 비틀거린다,똑바로 서 있지 못한다,A증상,33
균형을 잘 잡지 못해 비틀거린다,걷는 방향이 한쪽으로 기울어진다,A증상,33
균형을 잘 잡지 못해 비틀거린다,머리와 몸을 떤다,B증상,34
균형을 잘 잡지 못해 비틀거린다,보폭이 커진다,B증상,34
균형을 잘 잡지 못해 비틀거린다,몸의 움직임을 스스로 제어하지 못한다,B증상,34
균형을 잘 잡지 못해 비틀거린다,허리를 만지거나 안을 때 아파한다,C증상,35
균형을 잘 잡지 못해 비틀거린다,발을 끌며 걷거나 발등으로 딛는다,C증상,35
균형을 잘 잡지 못해 비틀거린다,보폭이 불규칙해진다,C증상,35
기력이 없다,열이 난다,A증상,36
기력이 없다,식욕이 없다,A증상,36
기력이 없다,맑은 콧물을 흘린다,A증상,36
기력이 없다,기침을 자주 한다,A증상,36
기력이 없다,발작을 일으키거나 의식을 잃는다,A증상,36
기력이 없다,설사를 한다,A증상,36
기력이 없다,재채기를 자주 한다,A증상,36
기력이 없다,식욕이 없다,B증상,37
기력이 없다,구토를 한다,B증상,37
기력이 없다,소변 색이 달라진다,B증상,37
기력이 없다,입에서 냄새가 난다,B증상,37
기력이 없다,(심할 경우) 경련을 일으킨다,B증상,37
기력이 없다,피부 또는 잇몸이 누렇게 변한다,B증상,37
기력이 없다,대변에서 심한 냄새가 난다,C증상,38
기력이 없다,식욕이 없다,C증상,38
기력이 없다,혈액이 섞인 대변을 본다,C증상,38
기력이 없다,탈수증상을 보인다,C증상,38
기력이 없다,복부에 통증을 느낀다,C증상,38
기력이 없다,설사를 한다,C증상,38
기력이 없다,심한 구토를 한다,C증상,38
기력이 없다,숨을 쉬기 힘들어한다,D증상,39
기력이 없다,기침을 자주 한다,D증상,39
기력이 없다,혈액이 섞인 소변 또는 대변을 본다,D증상,39
기력이 없다,탈수증상을 보인다,D증상,39
기력이 없다,쉽게 피곤해한다(운동을 꺼린다),D증상,39
산책을 나가기 싫어한다,기침을 한다,A증상,40
산책을 나가기 싫어한다,기력이 없다,A증상,40
산책을 나가기 싫어한다,숨을 헐떡인다,A증상,40
산책을 나가기 싫어한다,흥분하거나 운동을 하면 혀가 파래진다,A증상,40
사물에 자주 부딪힌다,양쪽 눈의 동공 크기가 다르다,A증상,41
사물에 자주 부딪힌다,안구 내에서 출혈이 일어난다,A증상,41
사물에 자주 부딪힌다,눈이 커져 보인다,A증상,41
사물에 자주 부딪힌다,어두울 때 시력이 떨어진다,A증상,41
사물에 자주 부딪힌다,흰자위가 충혈된다,B증상,42
사물에 자주 부딪힌다,안구가 커져 보인다,B증상,42
사물에 자주 부딪힌다,식욕과 기력이 없다,B증상,42
사물에 자주 부딪힌다,눈을 잘 뜨지 못한다,B증상,42
사물에 자주 부딪힌다,눈에 통증을 크게 느낀다,B증상,42
사물에 자주 부딪힌다,눈동자가 뿌옇게 변한다,B증상,42
사물에 자주 부딪힌다,산책을 나가기 싫어한다,C증상,43
사물에 자주 부딪힌다,사물에 자주 부딪힌다,C증상,43
사물에 자주 부딪힌다,눈동자가 뿌옇게 변한다,C증상,43
사물에 자주 부딪힌다,눈동자의 초점이 맞지 않는다,C증상,43
정신없이 돌아다닌다,대소변을 실수한다,A증상,44
정신없이 돌아다닌다,물건을 망가뜨린다,A증상,44
정신없이 돌아다닌다,계속 짖는다,A증상,44
콧물을 많이 흘린다,코에서 악취가 난다,A증상,45
콧물을 많이 흘린다,숨을 쉬기 힘들어한다,A증상,45
콧물을 많이 흘린다,기침을 한다,A증상,45
콧물을 많이 흘린다,누렇고 탁한 콧물이 난다,A증상,45
콧물을 많이 흘린다,코피가 난다,A증상,45
코피가 난다,콧물이 나온다,A증상,46
코피가 난다,재채기를 한다,A증상,46
코피가 난다,코가 부어오른다,A증상,46
코피가 난다,좀처럼 멈추지 않는다,A증상,46
코피가 난다,대량으로 난다,A증상,46
코피가 난다,아파서 코를 발로 문지르거나 바닥에 문지른다,A증상,46
코피가 난다,숨 쉬기를 괴로워한다,A증상,46
코피가 난다,코 위가 부풀어 오르거나 눈곱이 생긴다,A증상,46
코피가 난다,피부에 멍이 잘 든다,B증상,47
코피가 난다,혈액이 섞인 소변 및 대변을 본다,B증상,47
코피가 난다,상처가 났을 때 피가 잘 멈추지 않는다,B증상,47
코피가 난다,피부에 붉은색 반점이 생긴다,B증상,47
코피가 난다,누렇고 탁한 콧물이 난다,C증상,48
코피가 난다,식욕이 감소한다,C증상,48
코피가 난다,숨을 쉬기 힘들어한다,C증상,48
코피가 난다,숨소리에 큰 잡음이 들린다,C증상,48
코피가 난다,좀처럼 멈추지 않는다,C증상,48
코피가 난다,대량으로 난다,C증상,48
코피가 난다,좀처럼 멈추지 않는다,D증상,49
코피가 난다,대량으로 난다,D증상,49
코피가 난다,혀나 잇몸이 보라색이 되는 청색증이 나타난다,D증상,49
코피가 난다,목의 정맥에 튀어나와 보인다,D증상,49
코피가 난다,선 채로 있거나 계속 앉은 자세로 있고 눕기를 싫어한다,D증상,49
코피가 난다,좀처럼 멈추지 않는다,E증상,50
코피가 난다,대량으로 난다,E증상,50
코피가 난다,입. 코 등의 점막. 피부 등에 멍 같은 보라색 출혈반이 보인다,E증상,50
코피가 난다,소변이나 대변에 피가 섞여 나온다,E증상,50
코피가 난다,피를 토한다,E증상,50
코피가 난다,좀처럼 멈추지 않는다,F증상,51
코피가 난다,대량으로 난다,F증상,51
코피가 난다,재채기와 콧물이 나온다,F증상,51
코피가 난다,탁한 고름 같은 콧물이 많아진다,F증상,51
코피가 난다,호흡이 힘들어 입을 벌리고 숨을 쉰다,F증상,51
코피가 난다,코 위가 부어 있거나 딱딱하게 부풀어 오른다,F증상,51
콧물. 재채기가 난다,새끼이고 열이나 기침. 눈곱 등을 동반한다,A증상,52
콧물. 재채기가 난다,열이 있다,B증상,53
콧물. 재채기가 난다,콧물이 끈적인다,B증상,53
콧물. 재채기가 난다,물 같은 콧물이 나온다,B증상,53
콧물. 재채기가 난다,콧물에 피가 섞여 있다,B증상,53
콧물. 재채기가 난다,마르고 심한 기침이 나온다,B증상,53
콧물. 재채기가 난다,가래가 껴서 토하거나 미열이 난다,B증상,53
콧물. 재채기가 난다,열이 있다,C증상,54
콧물. 재채기가 난다,콧물이 끈적인다,C증상,54
콧물. 재채기가 난다,물 같은 콧물이 나온다,C증상,54
콧물. 재채기가 난다,콧물에 피가 섞여 있다,C증상,54
콧물. 재채기가 난다,아파서 코를 발로 문지르거나 바닥에 문지른다,C증상,54
콧물. 재채기가 난다,숨을 쉬기가 괴로워진다,C증상,54
콧물. 재채기가 난다,코 위가 부풀어 오르거나 눈곱이 생긴다,C증상,54
콧물. 재채기가 난다,열이 있다,D증상,55
콧물. 재채기가 난다,콧물이 끈적인다,D증상,55
콧물. 재채기가 난다,물 같은 콧물이 나온다,D증상,55
콧물. 재채기가 난다,콧물에 피가 섞여 있다,D증상,55
콧물. 재채기가 난다,탁한 고름 같은 콧물이 많아진다,D증상,55
콧물. 재채기가 난다,입을 벌리고 숨을 쉰다,D증상,55
콧물. 재채기가 난다,코 위가 부어 있거나 딱딱하게 부풀어 오른다,D증상,55
콧물. 재채기가 난다,열이 있다,E증상,56
콧물. 재채기가 난다,콧물이 끈적인다,E증상,56
콧물. 재채기가 난다,물 같은 콧물이 나온다,E증상,56
콧물. 재채기가 난다,콧물에 피가 섞여 있다,E증상,56
코를 곤다,호흡곤란을 동반한다,A증상,57
코를 곤다,무호흡 증상이 나타난다,B증상,58
코를 곤다,호흡이 빨라지고 쌔액쌔액거리며 괴로워 보인다,B증상,58
코를 곤다,숨 쉬기를 힘들어한다,B증상,58
코를 곤다,호흡곤란을 동반한다,B증상,58
밥을 잘 먹지 않는다,숨을 쉬기 힘들어한다,A증상,59
밥을 잘 먹지 않는다,혈액이 섞인 대변을 본다,A증상,59
밥을 잘 먹지 않는다,식욕이 없다,A증상,59
밥을 잘 먹지 않는다,설사를 한다,A증상,59
밥을 잘 먹지 않는다,탈수증상을 보인다,A증상,59
밥을 잘 먹지 않는다,열이 난다,A증상,59
밥을 잘 먹지 않는다,체중이 감소한다,A증상,59
밥을 잘 먹지 않는다,심박 수가 증가한다,A증상,59
밥을 잘 먹지 않는다,구토를 한다,A증상,59
밥을 잘 먹지 않는다,체중이 감소한다,B증상,60
밥을 잘 먹지 않는다,혈액이 섞인 구토를 한다,B증상,60
밥을 잘 먹지 않는다,혈액이 섞인 대변을 본다,B증상,60
밥을 잘 먹지 않는다,복부에 통증을 느낀다,B증상,60
밥을 잘 먹지 않는다,식욕이 없다,B증상,60
밥을 잘 먹지 않는다,구토 횟수가 빈번하다,B증상,60
밥을 잘 먹지 않는다,잘 씹지 못한다,C증상,61
밥을 잘 먹지 않는다,치석이 관찰된다,C증상,61
밥을 잘 먹지 않는다,잇몸에서 피가 난다,C증상,61
밥을 잘 먹지 않는다,입 주변을 만지는 것을 싫어한다,C증상,61
밥을 잘 먹지 않는다,(심할 경우)이빨이 빠진다,C증상,61
밥을 잘 먹지 않는다,침이 많이 나온다,C증상,61
밥을 잘 먹지 않는다,입에서 냄새가 심하게 난다,C증상,61
밥을 잘 먹지 않는다,기력이 없다,D증상,62
밥을 잘 먹지 않는다,체중이 급격히 감소한다,D증상,62
밥을 잘 먹지 않는다,물을 많이 마신다,D증상,62
밥을 잘 먹지 않는다,소변을 많이 본다,D증상,62
밥을 잘 먹지 않는다,식욕이 없다,D증상,62
밥을 잘 먹지 않는다,식욕이 없다,E증상,63
밥을 잘 먹지 않는다,숨을 쉬기 힘들어한다,E증상,63
밥을 잘 먹지 않는다,구토를 한다,E증상,63
밥을 잘 먹지 않는다,음식물을 삼키키 어려워 한다,E증상,63
밥을 잘 먹지 않는다,입 아래 부위가 붓는다,E증상,63
물을 많이 마신다,식욕이 증가한다,A증상,64
물을 많이 마신다,구토를 한다,A증상,64
물을 많이 마신다,체중이 감소한다,A증상,64
물을 많이 마신다,소변량이 증가한다,A증상,64
물을 많이 마신다,기력이 없다,A증상,64
물을 많이 마신다,피부에 멍이 든다,B증상,65
물을 많이 마신다,잠을 잘 자지 못하고 불안해 한다,B증상,65
물을 많이 마신다,목 주변 및 복부에 살이 찐다,B증상,65
물을 많이 마신다,소변량이 증가한다,B증상,65
물을 많이 마신다,탈모가 양쪽으로 일어난다,B증상,65
물을 많이 마신다,숨을 자주 헐떡인다,B증상,65
물을 많이 마신다,기력이 없다,B증상,65
물을 많이 마신다,식욕이 증가한다,B증상,65
물을 많이 마신다,식욕이 없다,C증상,66
물을 많이 마신다,기력이 없다,C증상,66
물을 많이 마신다,눈이 잘보이지 않는다,C증상,66
물을 많이 마신다,소변량이 증가한다,C증상,66
물을 많이 마신다,구토를 한다,C증상,66
물을 많이 마신다,입에서 냄새가 심하게 난다,C증상,66
물을 많이 마신다,체중이 감소한다,C증상,66
배가 부풀어 오른다,기도하는 듯한 자세를 취한다,A증상,67
배가 부풀어 오른다,기력이 없다,A증상,67
배가 부풀어 오른다,구토를 한다,A증상,67
음식을 잘 씹지 못한다,잇몸. 입술 및 혀의 크기가 평소에 비해 커진다,A증상,68
음식을 잘 씹지 못한다,입에서 냄새가 난다,A증상,68
음식을 잘 씹지 못한다,음식을 목구멍으로 넘기다가 다시 뱉어낸다,B증상,69
음식을 잘 씹지 못한다,헛구역질을 한다,B증상,69
음식을 잘 씹지 못한다,침을 많이 흘린다,B증상,69
음식을 잘 씹지 못한다,음식을 삼킬 때 과도하게 머리를 뒤로 젖힌다,C증상,70
음식을 잘 씹지 못한다,입으로 음식을 물었다가 뱉는 행동을 반복한다,C증상,70
음식을 잘 씹지 못한다,머리를 한쪽으로 기울여서 씹는다,C증상,70
음식을 잘 씹지 못한다,침을 많이 흘린다,C증상,70
음식을 잘 씹지 못한다,기침을 한다,C증상,70
침을 많이 흘린다,음식이 아닌 것을 먹는다,A증상,71
침을 많이 흘린다,경련을 일으킨다,A증상,71
침을 많이 흘린다,과도하게 흥분을 한다,A증상,71
침을 많이 흘린다,온몸이 마비된다,A증상,71
침을 많이 흘린다,음식을 삼키지 못한다,A증상,71
침을 많이 흘린다,입을 다물지 못한다,A증상,71
침을 많이 흘린다,물을 싫어한다,A증상,71
침을 많이 흘린다,음식을 잘 먹지 못한다,B증상,72
침을 많이 흘린다,잘 씹지 못한다,B증상,72
침을 많이 흘린다,잇몸이 벌겋게 붓는다,B증상,72
침을 많이 흘린다,식욕이 없다,B증상,72
침을 많이 흘린다,입 주변을 만지는 것을 싫어한다,B증상,72
침을 많이 흘린다,입에서 피가 난다,B증상,72
침을 많이 흘린다,입에서 냄새가 심하게 난다,B증상,72
식욕이 없다,서서히 식욕이 사라지고 기운도 없다,A증상,73
식욕이 없다,물을 자주 마신다,A증상,73
식욕이 없다,다음. 다뇨의 증상이 보인다,A증상,73
식욕이 없다,소변 보는 자세를 취하지만 나오지 않는다,A증상,73
식욕이 없다,소변이 탁하거나 색이 진하고. 냄새가 강하게 난다,A증상,73
식욕이 없다,설사나 구토를 동반한다,B증상,74
식욕이 없다,눈의 점막이 충혈된다,B증상,74
식욕이 없다,탈수증상을 일으킨다,B증상,74
식욕이 없다,황달이 일어나고 혈뇨가 보인다,B증상,74
식욕이 없다,고열이 난다,B증상,74
식욕이 없다,설사나 구토를 동반한다,C증상,75
식욕이 없다,복통이 심해진다,C증상,75
식욕이 없다,서서히 식욕이 사라지고 기운도 없다,D증상,76
식욕이 없다,냄새를 맡는 등 먹으려고는 하는데 식욕이 없다,D증상,76
식욕이 없다,혹이나 종기가 입안에 생겼거나 점막이 문드러진다,D증상,76
식욕이 없다,침이 흐르거나 입을 벌린 상태로 있는다,D증상,76
식욕이 없다,음식물을 잘 물지 못하고 입에서 피가 난다,D증상,76
식욕이 없다,서서히 식욕이 사라지고 기운도 없다,D증상,76
식욕이 없다,출혈을 동반한 점액 상태의 변을 본다,E증상,77
식욕이 없다,설사나 구토를 동반한다,E증상,77
식욕이 없다,물을 자주 마신다,F증상,78
식욕이 없다,눈. 입. 피부색이 노랗게 황달이 나타난다,F증상,78
식욕이 없다,비틀거린다,F증상,78
식욕이 없다,의식이 혼탁해지거나 혼수상태가 된다,F증상,78
식욕이 없다,물을 자주 마신다,G증상,79
식욕이 없다,구토와 설사를 반복한다,G증상,79
식욕이 없다,물을 자주 마신다,H증상,80
식욕이 없다,구토. 설사를 동반한다,H증상,80
식욕이 없다,탈수증상을 보인다,H증상,80
식욕이 없다,다뇨 등의 증상을 보이다가 소변량이 적어지고. 전혀 나오지 않는다,H증상,80
식욕이 없다,서서히 식욕이 사라지고 기운도 없다,H증상,80
식욕이 없다,물을 자주 마신다,I증상,81
식욕이 없다,소변량이 증가한다,I증상,81
식욕이 없다,외음부가 부어오른다,I증상,81
식욕이 없다,음부에서 불쾌한 냄새가 나는 고름이나 혈농 등의 분비물이 나온다,I증상,81
식욕이 없다,더운 여름에 밀폐된 방이나 외부에 있어서 축 늘어져 있다,J증상,82
식욕이 없다,냄새를 맡는 등 먹으려고는 하는데 식욕이 없다,K증상,83
식욕이 없다,구취가 난다,K증상,83
식욕이 없다,침을 흘리거나 피가 난다,K증상,83
식욕이 없다,입안이 빨갛게 붓거나 문드러지는 증상이 보인다,K증상,83
식욕이 없다,냄새를 맡는 등 먹으려고는 하는데 식욕이 없다,L증상,84
식욕이 없다,이빨이 빨갛게 붓고 딱딱한 음식이 잇몸에 닿으면 아파한다,L증상,84
식욕이 없다,냄새를 맡는 등 먹으려고는 하는데 식욕이 없다,M증상,85
식욕이 없다,점성이 강한 콧물이 나오고 간혹 코피가 난다,M증상,85
식욕이 없다,코를 발로 문지르거나 바닥에 문지른다,M증상,85
식욕이 없다,코위가 부풀어 오르거나 눈곱이 생긴다,M증상,85
식욕이 없다,서서히 식욕이 사라지고 기운도 없다,N증상,86
식욕이 없다,배가 붓고 빈혈이나 구토. 설사를 일으킨다,N증상,86
식욕이 없다,경련이나 마비 등의 신경증상이 나타난다,N증상,86
식욕이 없다,털의 윤기가 나빠지고 몸이 마른다,N증상,86
먹는 양. 횟수가 증가한다,먹는 양은 늘었는데도 마른다,A증상,87
먹는 양. 횟수가 증가한다,설사나 무른 변이 만성적으로 계속된다,A증상,87
먹는 양. 횟수가 증가한다,변에 벌레가 있다,A증상,87
먹는 양. 횟수가 증가한다,악취가 나는 지방성 변을 다량으로 본다,A증상,87
먹는 양. 횟수가 증가한다,암컷이며 호흡이 거칠고 구토와 배가 부어오르는 등의 증상을 동반한다,B증상,88
먹는 양. 횟수가 증가한다,기력이 없다,B증상,88
먹는 양. 횟수가 증가한다,식욕이 없다,B증상,88
먹는 양. 횟수가 증가한다,물을 많이 마신다,B증상,88
먹는 양. 횟수가 증가한다,열이 난다,B증상,88
먹는 양. 횟수가 증가한다,우울증을 보인다,B증상,88
먹는 양. 횟수가 증가한다,소변량이 증가한다,B증상,88
먹는 양. 횟수가 증가한다,음부에서 불쾌한 냄새가 나는 고름이나 혈농 등의 분비물이 나온다,B증상,88
먹는 양. 횟수가 증가한다,식욕이 없다. 말랐다,C증상,89
먹는 양. 횟수가 증가한다,구토를 한다,C증상,89
먹는 양. 횟수가 증가한다,소변량이 증가한다,C증상,89
먹는 양. 횟수가 증가한다,기력이 없다,C증상,89
먹는 양. 횟수가 증가한다,식욕이 없다. 말랐다,D증상,90
먹는 양. 횟수가 증가한다,식욕이 없다. 말랐다,E증상,91
먹는 양. 횟수가 증가한다,색이 옅은 소변을 다량으로 본다,E증상,91
먹는 양. 횟수가 증가한다,수분을 보충하기 위해서 다량의 물을 마신다,E증상,91
먹는 양. 횟수가 증가한다,식욕이 저하되고 모질이 나빠지며 마른다,E증상,91
먹는 양. 횟수가 증가한다,구토를 하거나 빈혈을 일으킨다,E증상,91
먹는 양. 횟수가 증가한다,나른해 보이고 기운이 없어보인다,E증상,91
먹는 양. 횟수가 증가한다,경련이나 혼수상태 증상이 나타난다,E증상,91
먹는 양. 횟수가 증가한다,식욕이 없다. 말랐다,F증상,92
먹는 양. 횟수가 증가한다,다음다뇨 증상이 나타난다,F증상,92
먹는 양. 횟수가 증가한다,불안. 초조해지고 신경질적이 된다,F증상,92
먹는 양. 횟수가 증가한다,몸의 근육이 뻣뻣하거나 걷는 모습이 이상해지거나 경련을 일으킨다,F증상,92
먹는 양. 횟수가 증가한다,뼈가 약해져 쉽게 골절된다,F증상,92
먹는 양. 횟수가 증가한다,털이 빠진다. 배가 부풀어 있다,G증상,93
먹는 양. 횟수가 증가한다,피부에 멍이 든다,G증상,93
먹는 양. 횟수가 증가한다,잠을 잘 자지 못하고 불안해 한다,G증상,93
먹는 양. 횟수가 증가한다,목 주변 및 복부에 살이 찐다,G증상,93
먹는 양. 횟수가 증가한다,소변량이 증가한다,G증상,93
먹는 양. 횟수가 증가한다,탈모가 양쪽으로 일어난다,G증상,93
먹는 양. 횟수가 증가한다,숨을 자주 헐떡인다,G증상,93
먹는 양. 횟수가 증가한다,기력이 없다,G증상,93
먹는 양. 횟수가 증가한다,식욕이 증가한다,G증상,93
먹는 양. 횟수가 증가한다,목이 말라서 물을 많이 마신다. 소변 횟수나 양이 증가한다,G증상,93
먹는 양. 횟수가 증가한다,털이 버석거리며 윤기를 잃는다,G증상,93
먹는 양. 횟수가 증가한다,복부가 늘어지고 다리 힘이 약해진다,G증상,93
물을 마시는 양도 늘었다. 배가 부어있다,식욕이 증가한다,A증상,94
물을 마시는 양도 늘었다. 배가 부어있다,구토를 한다,A증상,94
물을 마시는 양도 늘었다. 배가 부어있다,체중이 감소한다,A증상,94
물을 마시는 양도 늘었다. 배가 부어있다,소변량이 증가한다,A증상,94
물을 마시는 양도 늘었다. 배가 부어있다,기력이 없다,A증상,94
물을 마시는 양도 늘었다. 배가 부어있다,탈모가 양쪽으로 일어난다,B증상,95
물을 마시는 양도 늘었다. 배가 부어있다,목 주변 및 복부에 살이 찐다,B증상,95
물을 마시는 양도 늘었다. 배가 부어있다,소변량이 증가한다,B증상,95
물을 마시는 양도 늘었다. 배가 부어있다,피부에 멍이 든다,B증상,95
물을 마시는 양도 늘었다. 배가 부어있다,잠을 잘 자지 못하고 불안해 한다,B증상,95
물을 마시는 양도 늘었다. 배가 부어있다,숨을 자주 헐떡인다,B증상,95
물을 마시는 양도 늘었다. 배가 부어있다,기력이 없다,B증상,95
물을 마시는 양도 늘었다. 배가 부어있다,식욕이 증가한다,B증상,95
물을 마시는 양도 늘었다. 배가 부어있다,다음다뇨 증상이 보인다,C증상,96
다리를 절룩거리거나 한쪽 다리를 들고 다닌다,허리를 구부리고 걷는다,A증상,97
다리를 절룩거리거나 한쪽 다리를 들고 다닌다,걷는 자세가 평소와 다르고 어색하다,A증상,97
다리를 절룩거리거나 한쪽 다리를 들고 다닌다,높은 곳으로 점프하는 것을 꺼린다,A증상,97
다리를 절룩거리거나 한쪽 다리를 들고 다닌다,무릎을 만지는 것을 싫어한다,A증상,97
다리를 절룩거리거나 한쪽 다리를 들고 다닌다,가끔 한쪽 다리를 드는 걸음을 한다,A증상,97
다리를 절룩거리거나 한쪽 다리를 들고 다닌다,앞다리를 드는 자세를 했을 때 아파한다,A증상,97
다리를 절룩거리거나 한쪽 다리를 들고 다닌다,움직임이 어색해진다,B증상,98
다리를 절룩거리거나 한쪽 다리를 들고 다닌다,보폭을 좁게 걷는다,B증상,98
다리를 절룩거리거나 한쪽 다리를 들고 다닌다,관절에서 소리가 난다,B증상,98
다리를 절룩거리거나 한쪽 다리를 들고 다닌다,관절 부위가 부어오른다,B증상,98
다리를 절룩거리거나 한쪽 다리를 들고 다닌다,일어날 떄 아파한다,C증상,99
다리를 절룩거리거나 한쪽 다리를 들고 다닌다,움직이는 것을 꺼린다,C증상,99
다리를 절룩거리거나 한쪽 다리를 들고 다닌다,다리를 휘두르며 걷는다,C증상,99
다리를 절룩거리거나 한쪽 다리를 들고 다닌다,움직이는 것을 싫어한다,D증상,100
다리를 절룩거리거나 한쪽 다리를 들고 다닌다,앉을 때 아파한다,D증상,100
다리를 절룩거리거나 한쪽 다리를 들고 다닌다,무릎을 만지는 것을 싫어한다,D증상,100
걷는 모습이 이상하다,다리를 든 채 땅에 대지 않는다,A증상,101
걷는 모습이 이상하다,다리가 부어 있거나 피를 흘리고 있다,A증상,101
걷는 모습이 이상하다,다리를 든 채 땅에 대지 않는다,B증상,102
걷는 모습이 이상하다,다리가 부어 있거나 피를 흘리고 있다,B증상,102
걷는 모습이 이상하다,운동을 싫어한다,B증상,102
걷는 모습이 이상하다,기운이 없다,B증상,102
걷는 모습이 이상하다,움직일 때 삐걱거리는 듯한 소리가 난다,B증상,102
걷는 모습이 이상하다,다리를 질질 끈다,B증상,102
걷는 모습이 이상하다,다리를 감싼다,B증상,102
걷는 모습이 이상하다,만지면 아파한다,B증상,102
걷는 모습이 이상하다,다리를 든 채 땅에 대지 않는다,C증상,103
걷는 모습이 이상하다,다리가 부어 있거나 피를 흘리고 있다,C증상,103
걷는 모습이 이상하다,다리의 심한 통증을 느낀다,C증상,103
걷는 모습이 이상하다,운동을 싫어한다,C증상,103
걷는 모습이 이상하다,다리를 질질 끈다,C증상,103
걷는 모습이 이상하다,다리를 감싼다,C증상,103
걷는 모습이 이상하다,기운이나 식욕이 없다,C증상,103
걷는 모습이 이상하다,만지면 아파한다,C증상,103
걷는 모습이 이상하다,다리를 든 채 땅에 대지 않는다,D증상,104
걷는 모습이 이상하다,다리가 부어 있거나 피를 흘리고 있다,D증상,104
걷는 모습이 이상하다,뒷다리를 질질 끈다,D증상,104
걷는 모습이 이상하다,뒷다리가 마비되었다,E증상,105
걷는 모습이 이상하다,안으려고 하면 싫어한다,E증상,105
걷는 모습이 이상하다,등을 만지면 아파한다,E증상,105
걷는 모습이 이상하다,허리를 흔들면서 걷는다,E증상,105
걷는 모습이 이상하다,걸을 때 후들거린다,E증상,105
걷는 모습이 이상하다,똑바로 걷지 못한다,F증상,106
걷는 모습이 이상하다,같은 곳을 빙글빙글 돈다,F증상,106
걷는 모습이 이상하다,고개가 기울어져 있다,F증상,106
걷는 모습이 이상하다,눈이 부자연스럽게 파르르 떨린다,F증상,106
걷는 모습이 이상하다,밥을 제대로 먹지 못한다,F증상,106
걷는 모습이 이상하다,똑바로 걷지 못한다,G증상,107
걷는 모습이 이상하다,같은 곳을 빙글빙글 돈다,G증상,107
걷는 모습이 이상하다,난청 증상이 보인다,G증상,107
걷는 모습이 이상하다,평행감각을 잃고 쓰러진다,G증상,107
걷는 모습이 이상하다,허리를 흔들면서 걷는다,H증상,108
걷는 모습이 이상하다,걸을 때 후들거린다,H증상,108
걷는 모습이 이상하다,앉는 자세를 취하지 못한다,H증상,108
걷는 모습이 이상하다,다리를 질질 끈다,H증상,108
걷는 모습이 이상하다,뒷다리가 서지 못한다,H증상,108
걷는 모습이 이상하다,계단을 오르내리지 못한다,H증상,108
걷는 모습이 이상하다,운동을 싫어한다,H증상,108
걷는 모습이 이상하다,다리를 질질 끈다,I증상,109
걷는 모습이 이상하다,다리를 감싼다,I증상,109
걷는 모습이 이상하다,기운이나 식욕이 없다,I증상,109
걷는 모습이 이상하다,만지면 아파한다,I증상,109
걷는 모습이 이상하다,무릎 아래쪽이 뒤틀린다,I증상,109
걷는 모습이 이상하다,다리가 완만하게 휘어 O다리나 X다리가 된다,I증상,109
걷는 모습이 이상하다,다리를 질질 끈다,J증상,110
걷는 모습이 이상하다,다리를 감싼다,J증상,110
걷는 모습이 이상하다,기운이나 식욕이 없다,J증상,110
걷는 모습이 이상하다,만지면 아파한다,J증상,110
걷는 모습이 이상하다,똑바로 걷지 못한다,K증상,111
걷는 모습이 이상하다,같은 곳을 빙글빙글 돈다,K증상,111
걷는 모습이 이상하다,열이 난다,K증상,111
걷는 모습이 이상하다,머리를 기울인 채 있는다,K증상,111
숨을 헐떡인다,구토를 한다,A증상,112
숨을 헐떡인다,심박 수가 증가한다,A증상,112
숨을 헐떡인다,기력이 없다,A증상,112
숨을 헐떡인다,고열로 인해 몸이 뜨겁다,A증상,112
숨소리가 달라진다,운동을 싫어한다,A증상,113
숨소리가 달라진다,기력이 없다,A증상,113
숨소리가 달라진다,거품이 섞인 침이 나온다,A증상,113
숨소리가 달라진다,호흡이 빨라진다,A증상,113
숨소리가 달라진다,숨소리에 쌕쌕거리는 소리가 들린다,A증상,113
숨소리가 달라진다,숨을 헐떡인다,B증상,114
숨소리가 달라진다,혀가 퍼렇게 변한다,B증상,114
숨소리가 달라진다,마른 기침을 한다,B증상,114
숨소리가 달라진다,쉽게 피곤해한다,B증상,114
숨소리가 달라진다,운동을 싫어한다,B증상,114
숨소리가 달라진다,숨소리에 새는 소리가 섞인다,B증상,114
숨소리가 달라진다,숨을 쉬기 힘들어한다,C증상,115
숨소리가 달라진다,기침할 때 거품이나 피가 섞여 나온다,C증상,115
숨소리가 달라진다,비정상적으로 빠르게 숨을 쉰다,C증상,115
숨소리가 달라진다,마른 기침을 한다,C증상,115
숨소리가 달라진다,혀가 퍼렇게 변한다,C증상,115
숨소리가 달라진다,코에서 물과 같은 액체가 나온다,C증상,115
숨소리가 달라진다,호흡 시 쉭쉭거리는 소리가 난다,C증상,115
숨소리가 달라진다,입을 벌리고 숨을 쉰다,C증상,115
숨소리가 달라진다,항상 코를 곤다,D증상,116
숨소리가 달라진다,입을 크게 벌려 호흡한다,D증상,116
숨소리가 달라진다,숨을 쌕쌕 몰아 쉰다,D증상,116
숨소리가 달라진다,호흡곤란을 일으킨다,D증상,116
숨소리가 달라진다,숨소리에 쌕쌕거리는 소리가 들린다,E증상,117
숨소리가 달라진다,혀 또는 잇몸이 퍼렇게 변한다,E증상,117
숨소리가 달라진다,거위 울음소리 같은 기침을 한다,E증상,117
숨소리가 달라진다,숨을 쉬기 힘들어한다,E증상,117
숨소리가 달라진다,식욕부진을 일으킨다,F증상,118
호흡을 괴로워한다,호흡이 이상하게 빠르다,A증상,119
호흡을 괴로워한다,콧구멍이 실룩거린다,A증상,119
호흡을 괴로워한다,고열로 인해 몸이 뜨겁다,A증상,119
호흡을 괴로워한다,기력이 없다,A증상,119
호흡을 괴로워한다,심박 수가 증가한다,A증상,119
호흡을 괴로워한다,구토를 한다,A증상,119
호흡을 괴로워한다,더운 여름에 밀폐된 방이나 외부에 있어서 축 늘어져 있다,A증상,119
호흡을 괴로워한다,호흡이 이상하게 빠르다,B증상,120
호흡을 괴로워한다,콧구멍이 실룩거린다,B증상,120
호흡을 괴로워한다,누렇고 탁한 콧물이 난다,B증상,120
호흡을 괴로워한다,식욕이 감소한다,B증상,120
호흡을 괴로워한다,숨소리에 큰 잡음이 들린다,B증상,120
호흡을 괴로워한다,호흡이 이상하게 빠르다,C증상,121
호흡을 괴로워한다,콧구멍이 실룩거린다,C증상,121
호흡을 괴로워한다,배로 숨을 쉬고 눕기를 싫어한다,C증상,121
호흡을 괴로워한다,운동도 싫어하고 앞다리를 버티고 움직이는 것을 피한다,C증상,121
호흡을 괴로워한다,혀나 입술이 보라색이 되는 청색증 증상이 나타난다,C증상,121
호흡을 괴로워한다,주저 앉는다. 턱을 들고 숨쉰다,C증상,121
호흡을 괴로워한다,눕지 못한다,C증상,121
호흡을 괴로워한다,호흡이 이상하게 빠르다,D증상,122
호흡을 괴로워한다,콧구멍이 실룩거린다,D증상,122
호흡을 괴로워한다,기침이 자주 나온다,D증상,122
호흡을 괴로워한다,하악거리는 괴로운 숨소리를 낸다,D증상,122
호흡을 괴로워한다,가슴에 귀를 대면 힘들게 쌔액쌔액거리는 건조한 소리가 들린다,D증상,122
호흡을 괴로워한다,고열이 나고. 호흡이 얕고 빠르게 진행되어 호흡곤란 증상이 보인다,D증상,122
호흡을 괴로워한다,호흡이 이상하게 빠르다,E증상,123
호흡을 괴로워한다,콧구멍이 실룩거린다,E증상,123
호흡을 괴로워한다,건조한 기침이 나온다,E증상,123
호흡을 괴로워한다,뭔가가 목을 막고 있거나 걸려 있어 토할 듯한 모습을 보인다,E증상,123
호흡을 괴로워한다,콧물이나 열이 난다,E증상,123
호흡을 괴로워한다,식욕이 감퇴한다,E증상,123
호흡을 괴로워한다,기침이 심해지면 거품상태의 점액을 구토한다,E증상,123
호흡을 괴로워한다,입을 벌리고 뻐끔거린다,E증상,123
호흡을 괴로워한다,쌕쌕 소리가 난다,E증상,123
호흡을 괴로워한다,호흡이 이상하게 빠르다,F증상,124
호흡을 괴로워한다,콧구멍이 실룩거린다,F증상,124
호흡을 괴로워한다,기침이 밤새 멈추지 않는다,F증상,124
호흡을 괴로워한다,물과 같은 콧물이 나온다,F증상,124
호흡을 괴로워한다,콧물에 피가 섞여 나온다,F증상,124
호흡을 괴로워한다,혀나 잇몸이 보라색이 되는 청색증이 나타난다,F증상,124
호흡을 괴로워한다,목에 정맥에 튀어나와 보인다,F증상,124
호흡을 괴로워한다,선 채로 있거나 계속 앉은 자세로 눕기를 싫어한다,F증상,124
호흡을 괴로워한다,입을 벌리고 뻐끔거린다,F증상,124
호흡을 괴로워한다,주저앉는다. 턱을 들고 숨쉰다,F증상,124
호흡을 괴로워한다,입을 벌리고 뻐끔거린다,G증상,125
호흡을 괴로워한다,기운이 없어진다,G증상,125
호흡을 괴로워한다,주저앉는다. 턱을 들고 숨쉰다,H증상,126
호흡을 괴로워한다,눕지 못한다,H증상,126
호흡을 괴로워한다,운동을 싫어하거나 호흡이 거칠다,H증상,126
호흡을 괴로워한다,호흡곤란이 오고 쇼크상태에 빠진다,H증상,126
호흡을 괴로워한다,새끼 때 구토나. 설사. 기침. 빠른 호흡 증상이 나타난다,H증상,126
호흡을 괴로워한다,주저앉는다. 턱을 들고 숨쉰다,I증상,127
호흡을 괴로워한다,눕지 못한다,I증상,127
호흡을 괴로워한다,배에 복수가 차서 부풀어 오른다,I증상,127
호흡을 괴로워한다,맥박이 흐트러지거나 사지의 부종 등 증상이 나타난다,I증상,127
호흡을 괴로워한다,거위 울음처럼 뻐억뻐억 소리가 들린다,J증상,128
호흡을 괴로워한다,혀 또는 잇몸이 퍼렇게 변한다,J증상,128
호흡을 괴로워한다,숨소리에 쌕쌕거리는 소리가 들린다,J증상,128
호흡을 괴로워한다,숨을 쉬기 힘들어한다,J증상,128
호흡을 괴로워한다,거위 울음처럼 뻐억뻐억 소리가 들린다,K증상,129
호흡을 괴로워한다,항상 코를 곤다,K증상,129
호흡을 괴로워한다,입을 크게 벌려 호흡한다,K증상,129
호흡을 괴로워한다,호흡곤란을 일으킨다,K증상,129
호흡을 괴로워한다,무호흡 증상이 나타난다,K증상,129
생식기에서 고름이 나온다(수컷),생식기 쪽 피부가 벌겋게 변한다,A증상,130
생식기에서 고름이 나온다(수컷),소변을 자주 지린다,A증상,130
생식기에서 고름이 나온다(수컷),생식기를 지속적으로 핥는다,A증상,130
생식기에서 고름이 나온다(수컷),열이 난다,A증상,130
생식기에서 고름이 나온다(수컷),(심할 경우)기력이 없다,A증상,130
생식기에서 고름이 나온다(수컷),생식기에서 피가 난다,A증상,130
생식기에서 고름이 나온다(암컷),식욕이 없다,A증상,130
생식기에서 고름이 나온다(암컷),기력이 없다,A증상,131
생식기에서 고름이 나온다(암컷),식욕이 없다,A증상,131
생식기에서 고름이 나온다(암컷),구토를 한다,A증상,131
생식기에서 고름이 나온다(암컷),물을 많이 마신다,A증상,131
생식기에서 고름이 나온다(암컷),열이 난다,A증상,131
생식기에서 고름이 나온다(암컷),우울증을 보인다,A증상,131
생식기에서 고름이 나온다(암컷),생식기를 자주 핥는다,B증상,132
생식기에서 고름이 나온다(암컷),배변을 가리지 못한다,B증상,132
생식기에서 고름이 나온다(암컷),소변을 자주 본다,B증상,132
귀를 털거나 긁는다,구토를 한다,A증상,133
귀를 털거나 긁는다,귀가 벌겋게 부어오른다,A증상,133
귀를 털거나 긁는다,귀에서 냄새나는 분비물이 나온다,A증상,133
귀를 털거나 긁는다,귀의 털이 빠진다,A증상,133
귀를 털거나 긁는다,발이나 주변사물을 이용해 귀를 긁는다,A증상,133
귀를 털거나 긁는다,귀에서 냄새가 난다,B증상,134
귀를 털거나 긁는다,검은색 귀지가 많이 나온다,B증상,134
귀가 들리지 않는다,얼굴이 마비되거나 머리를 기우뚱하고 있다,A증상,135
귀가 들리지 않는다,안구가 끊임없이 떨린다,A증상,135
귀가 들리지 않는다,평행감각을 잃고 쓰러진다,A증상,135
귀가 들리지 않는다,같은 장소를 빙글빙글 돈다,A증상,135
귀가 들리지 않는다,얼굴이 마비되거나 머리를 기우뚱하고 있다,B증상,136
귀가 들리지 않는다,안구가 끊임없이 떨린다,B증상,136
귀가 들리지 않는다,평행감각을 잃어 밥을 제대로 먹지 못한다,B증상,136
귀가 들리지 않는다,얼굴이 마비되거나 머리를 기우뚱하고 있다,C증상,137
귀가 들리지 않는다,안구가 끊임없이 떨린다,C증상,137
귀가 들리지 않는다,얼굴이 마비되거나 머리를 기우뚱하고 있다,D증상,138
귀가 들리지 않는다,안구가 끊임없이 떨린다,D증상,138
귀가 들리지 않는다,열이 난다,D증상,138
귀를 가려워한다. 아파한다. 머리를 흔든다,귀에서 냄새가 난다,A증상,139
귀를 가려워한다. 아파한다. 머리를 흔든다,고름 같은 분비물이 나온다,A증상,139
귀를 가려워한다. 아파한다. 머리를 흔든다,귓속이 부어 있다,A증상,139
귀를 가려워한다. 아파한다. 머리를 흔든다,가려움 때문에 뒷발로 귀를 긁거나 귀를 땅에 비벼댄다,A증상,139
귀를 가려워한다. 아파한다. 머리를 흔든다,고개를 기울인 채로 있는다,A증상,139
귀를 가려워한다. 아파한다. 머리를 흔든다,귀에서 냄새가 난다,B증상,140
귀를 가려워한다. 아파한다. 머리를 흔든다,고름 같은 분비물이 나온다,B증상,140
귀를 가려워한다. 아파한다. 머리를 흔든다,귓속이 부어 있다,B증상,140
귀를 가려워한다. 아파한다. 머리를 흔든다,팔꿈치. 발꿈치. 귀 등에 탈모나 염증이 발생해 피부가 딱딱해지고 비듬이 생긴다,B증상,140
귀를 가려워한다. 아파한다. 머리를 흔든다,검은 귀지가 다량으로 나온다,B증상,140
귀를 가려워한다. 아파한다. 머리를 흔든다,귀에서 냄새가 난다,C증상,141
귀를 가려워한다. 아파한다. 머리를 흔든다,고름 같은 분비물이 나온다,C증상,141
귀를 가려워한다. 아파한다. 머리를 흔든다,귓속이 부어 있다,C증상,141
귀를 가려워한다. 아파한다. 머리를 흔든다,검은 귀지가 다량으로 나온다,C증상,141
귀를 가려워한다. 아파한다. 머리를 흔든다,귀. 귀지에서 신 냄새가 난다,C증상,141
귀를 가려워한다. 아파한다. 머리를 흔든다,겨드랑이. 다리 안쪽의 겹치는 부위. 발가락 사이. 음부 등에 염증이 일어난다,C증상,141
귀를 가려워한다. 아파한다. 머리를 흔든다,귀 덮개가 부어 있다,D증상,142
귀를 가려워한다. 아파한다. 머리를 흔든다,이개의 안쪽이 부어있다,D증상,142
귀를 가려워한다. 아파한다. 머리를 흔든다,열과 통증을 동반한다,D증상,142
귀를 가려워한다. 아파한다. 머리를 흔든다,귀에서 냄새가 난다,E증상,143
귀를 가려워한다. 아파한다. 머리를 흔든다,고름 같은 분비물이 나온다,E증상,143
귀를 가려워한다. 아파한다. 머리를 흔든다,귓속이 부어 있다,E증상,143
귀를 가려워한다. 아파한다. 머리를 흔든다,열이 난다,E증상,143
소변량이 줄어든다,탈수증상을 보인다,A증상,144
소변량이 줄어든다,식욕이 없다,A증상,144
소변량이 줄어든다,소변을 볼 때 아파한다,A증상,144
소변량이 줄어든다,구토를 한다,A증상,144
소변량이 줄어든다,생식기 쪽을 만지는 것을 싫어한다,A증상,144
소변량이 줄어든다,배뇨 시도 횟수가 증가한다,A증상,144
소변량이 줄어든다,혈액이 섞인 소변을 본다,A증상,144
소변량이 줄어든다,눈이 움푹 들어간다,B증상,145
소변량이 줄어든다,잇몸이 마른다,B증상,145
소변량이 줄어든다,피부 탄력이 줄어든다,B증상,145
소변량이 줄어든다,침이 끈적해진다,B증상,145
소변량이 줄어든다,기력이 없다,C증상,146
소변량이 줄어든다,식욕이 없다,C증상,146
소변량이 줄어든다,소변을 보지 않는다,C증상,146
소변량이 줄어든다,구토를 한다,C증상,146
소변을 자주 지린다,소변에서 냄새가 난다,A증상,147
소변을 자주 지린다,혈액이 섞인 소변을 본다,A증상,147
소변을 자주 지린다,소변에 고름이 섞여 나온다,A증상,147
소변을 자주 지린다,소변을 볼 때 아파한다,A증상,147
소변을 자주 지린다,소변을 보는 횟수가 증가한다,B증상,148
소변을 자주 지린다,혈액이 섞인 소변을 본다,B증상,148
소변을 자주 지린다,물을 많이 마신다,B증상,148
소변이 나오지 않는다. 보기 힘들어 한다,꼬박 하루 동안 나오지 않는다,A증상,149
소변이 나오지 않는다. 보기 힘들어 한다,녹초가 된다,A증상,149
소변이 나오지 않는다. 보기 힘들어 한다,구토를 동반한다,A증상,149
소변이 나오지 않는다. 보기 힘들어 한다,기운이나 식욕이 없다,A증상,149
소변이 나오지 않는다. 보기 힘들어 한다,다음. 다뇨 등의 증상을 보이다가 소변량이 적어지고. 어느 순간 나오지 않는다,A증상,149
소변이 나오지 않는다. 보기 힘들어 한다,설사를 한다,A증상,149
소변이 나오지 않는다. 보기 힘들어 한다,입이 바싹 마를 정도로 심한 탈수증상을 보인다,A증상,149
소변이 나오지 않는다. 보기 힘들어 한다,꼬박 하루동안 나오지 않는다,B증상,150
소변이 나오지 않는다. 보기 힘들어 한다,녹초가 된다,B증상,150
소변이 나오지 않는다. 보기 힘들어 한다,구토를 동반한다,B증상,150
소변이 나오지 않는다. 보기 힘들어 한다,기운이나 식욕이 없다,B증상,150
소변이 나오지 않는다. 보기 힘들어 한다,기운이 있고 식욕도 있다,B증상,150
소변이 나오지 않는다. 보기 힘들어 한다,혈뇨가 나온다,B증상,150
소변이 나오지 않는다. 보기 힘들어 한다,꼬박 하루 동안 나오지 않는다,C증상,151
소변이 나오지 않는다. 보기 힘들어 한다,녹초가 된다,C증상,151
소변이 나오지 않는다. 보기 힘들어 한다,구토를 동반한다,C증상,151
소변이 나오지 않는다. 보기 힘들어 한다,기운이나 식욕이 없다,C증상,151
소변이 나오지 않는다. 보기 힘들어 한다,빈혈을 느낀다,C증상,151
소변이 나오지 않는다. 보기 힘들어 한다,소변에서 구취가 난다,C증상,151
소변이 나오지 않는다. 보기 힘들어 한다,체중 감소와 함께 모질이 나빠진다,C증상,151
소변이 나오지 않는다. 보기 힘들어 한다,꼬박 하루 동안 나오지 않는다,D증상,152
소변이 나오지 않는다. 보기 힘들어 한다,녹초가 된다,D증상,152
소변이 나오지 않는다. 보기 힘들어 한다,구토를 동반한다,D증상,152
소변이 나오지 않는다. 보기 힘들어 한다,기운이나 식욕이 없다,D증상,152
소변이 나오지 않는다. 보기 힘들어 한다,변비가 일어나거나. 변이 얇아진다,D증상,152
소변이 나오지 않는다. 보기 힘들어 한다,혈뇨가 나온다,D증상,152
소변이 나오지 않는다. 보기 힘들어 한다,꼬박 하루 동안 나오지 않는다,E증상,153
소변이 나오지 않는다. 보기 힘들어 한다,녹초가 된다,E증상,153
소변이 나오지 않는다. 보기 힘들어 한다,구토를 동반한다,E증상,153
소변이 나오지 않는다. 보기 힘들어 한다,기운이나 식욕이 없다,E증상,153
소변이 나오지 않는다. 보기 힘들어 한다,항문 한쪽 또는 양쪽이 크게 부풀어 오른다,E증상,153
소변이 나오지 않는다. 보기 힘들어 한다,꼬박 하루 동안 나오지 않는다,F증상,154
소변이 나오지 않는다. 보기 힘들어 한다,녹초가 된다,F증상,154
소변이 나오지 않는다. 보기 힘들어 한다,구토를 동반한다,F증상,154
소변이 나오지 않는다. 보기 힘들어 한다,기운이나 식욕이 없다,F증상,154
소변이 나오지 않는다. 보기 힘들어 한다,기운이 있고 식욕이 있다,G증상,155
소변이 나오지 않는다. 보기 힘들어 한다,소변의 색이 탁하다. 진하다,G증상,155
소변이 나오지 않는다. 보기 힘들어 한다,소변의 냄새가 강하게 난다,G증상,155
소변이 나오지 않는다. 보기 힘들어 한다,열이 난다,G증상,155
소변 색이 이상하다,소변 색에 이상이 있고 소변이 나오지 않거나 누기 힘들어 한다,A증상,156
소변 색이 이상하다,갑자기 기운이나 식욕이 완전히 사라진다,A증상,156
소변 색이 이상하다,다음. 다뇨 등의 증상을 보이다가 소변량이 적어지고. 어느 순간 전혀 나오지 않는다,A증상,156
소변 색이 이상하다,구토. 설사 등의 증상이 나타난다,A증상,156
소변 색이 이상하다,입이 바싹 마를 정도로 심한 탈수증상을 보인다,A증상,156
소변 색이 이상하다,소변 색에 이상이 있고 소변이 나오지 않거나 누기 힘들어 한다,B증상,157
소변 색이 이상하다,소변 색이 빨갛다,B증상,157
소변 색이 이상하다,배뇨 포즈를 취해도 전혀 나오지 않는다,B증상,157
소변 색이 이상하다,소변 색에 이상이 있고 소변이 나오지 않거나 누기 힘들어 한다,C증상,158
소변 색이 이상하다,기운. 식욕이 없어진다,C증상,158
소변 색이 이상하다,구토나 설사. 빈혈 증상을 보인다,C증상,158
소변 색이 이상하다,소변에서 구취가 난다,C증상,158
소변 색이 이상하다,체중 감소와 함께 모질이 나빠진다 ,C증상,158
소변 색이 이상하다,소변 색이 빨갛다,D증상,159
소변 색이 이상하다,소변이 잘 나오지 않는다,D증상,159
소변 색이 이상하다,소변 색이 탁하다,D증상,159
소변 색이 이상하다,통증 때문에 걷는 모습이 이상해지거나 등을 둥글게 웅크리는 자세를 취한다,D증상,159
소변 색이 이상하다,소변 색이 빨갛다,E증상,160
소변 색이 이상하다,다음. 다뇨 증상이 보인다,E증상,160
소변 색이 이상하다,소변 포즈를 자주 취하지만 나오지 않는다,E증상,160
소변 색이 이상하다,냄새가 강하게 난다,E증상,160
소변 색이 이상하다,발열이 난다,E증상,160
소변 색이 이상하다,식욕이 떨어지고 기운이 없다,E증상,160
소변 색이 이상하다,소변 색이 빨갛다,F증상,161
소변 색이 이상하다,진한 노란색. 오렌지색 소변이 나온다,G증상,162
소변 색이 이상하다,구토나 설사를 일으킨다,G증상,162
소변 색이 이상하다,식욕이나 기운이 없어진다,G증상,162
소변 색이 이상하다,눈. 입. 피부색이 노랗게 되는 황달증상이 나타난다,G증상,162
소변 색이 이상하다,경련이나 근력이 떨어져 비틀거린다,G증상,162
소변 색이 이상하다,배에 복수가 차거나 마른다,G증상,162
소변 색이 이상하다,진한 노란색. 오렌지색 소변이 나온다,H증상,163
소변 색이 이상하다,빈혈이 심해진다,H증상,163
소변 색이 이상하다,발열해서 입술 점막이 새파래진다,H증상,163
소변 색이 이상하다,점막이나 피부가 노랗게 되는 황달증상이 나타난다,H증상,163
소변 색이 이상하다,기침을 하거나. 기침으로 인하여 복수가 빵빵하게 부어오른다,I증상,164
소변 색이 이상하다,적갈색. 커피색 소변이 나온다,I증상,164
소변 색이 이상하다,호흡곤란 증상이 나타난다,I증상,164
소변 색이 이상하다,식욕부진 증상이 나타난다,I증상,164
소변 색이 이상하다,운동을 싫어하는 증상이 보인다,I증상,164
소변 색이 이상하다,적갈색. 커피색 소변이 나온다,J증상,165
소변 색이 이상하다,쉽게 피곤해진다,J증상,165
소변 색이 이상하다,식욕이 사라지며 운동을 싫어하게 된다,J증상,165
소변 색이 이상하다,안구 점막이나 잇몸 색이 살짝 하애진다,J증상,165
소변 색이 이상하다,피부나 점막이 노랗게 되는 황달 증상이 나타난다,J증상,165
설사를 한다,혈변이 나온다,A증상,166
설사를 한다,구토를 동반한다,A증상,166
설사를 한다,급격하게 마른다,A증상,166
설사를 한다,배를 아파한다,A증상,166
설사를 한다,심한 설사를 반복한다,A증상,166
설사를 한다,탈수증상을 일으키고 쇠약해진다,A증상,166
설사를 한다,혈변이 나온다,B증상,167
설사를 한다,구토를 동반한다,B증상,167
설사를 한다,급격하게 마른다,B증상,167
설사를 한다,배를 아파한다,B증상,167
설사를 한다,심한 설사를 반복한다,B증상,167
설사를 한다,설사가 장기간 계속되고 탈수증상을 일으킨다,B증상,167
설사를 한다,혈변이 나온다,C증상,168
설사를 한다,구토를 동반한다,C증상,168
설사를 한다,급격하게 마른다,C증상,168
설사를 한다,배를 아파한다,C증상,168
설사를 한다,심한 설사를 반복한다,C증상,168
설사를 한다,식욕이나 기운이 없어진다,C증상,168
설사를 한다,열이 난다,C증상,168
설사를 한다,기침이나 끈적거리는 눈곱에 콧물. 설사. 구토증상이 나타난다,C증상,168
설사를 한다,신체 일부를 움찔거리거나. 의식을 잃는 신경증상이 나타난다,C증상,168
설사를 한다,혈변이 나온다,D증상,169
설사를 한다,구토를 동반한다,D증상,169
설사를 한다,급격하게 마른다,D증상,169
설사를 한다,배를 아파한다,D증상,169
설사를 한다,심한 설사를 반복한다,D증상,169
설사를 한다,호흡이나 심박이 빨라져서 쇼크 증상이 나타난다,D증상,169
설사를 한다,악취가 나는 잼 같은 암적색 피가 섞인 변이 나온다,D증상,169
설사를 한다,혈변이 나온다,E증상,170
설사를 한다,구토를 동반한다,E증상,170
설사를 한다,급격하게 마른다,E증상,170
설사를 한다,배를 아파한다,E증상,170
설사를 한다,심한 설사를 반복한다,E증상,170
설사를 한다,격통으로 인하여 쇼크 증상을 일으킨다,E증상,170
설사를 한다,설사나 무른 변이 만성적으로 계속된다,E증상,170
설사를 한다,변에 벌레가 있다,E증상,170
설사를 한다,혈변이 나온다,F증상,171
설사를 한다,구토를 동반한다,F증상,171
설사를 한다,급격하게 마른다,F증상,171
설사를 한다,배를 아파한다,F증상,171
설사를 한다,심한 설사를 반복한다,F증상,171
설사를 한다,탈수증상이 보인다,F증상,171
설사를 한다,설사나 무른 변이 만성적으로 계속된다,F증상,171
설사를 한다,변에 벌레가 있다,F증상,171
설사를 한다,혈변이 나온다,G증상,172
설사를 한다,구토를 동반한다,G증상,172
설사를 한다,급격하게 마른다,G증상,172
설사를 한다,배를 아파한다,G증상,172
설사를 한다,심한 설사를 반복한다,G증상,172
설사를 한다,설사나 무른 변이 만성적으로 계속된다,H증상,173
설사를 한다,일부에 피가 섞여 있다,H증상,173
설사를 한다,변에 벌레가 있다,H증상,173
설사를 한다,항상 허겁지겁 많이 먹는데도 불구하고 체중이 늘지 않고 마른다,H증상,173
설사를 한다,악취가 나는 지방성 변을 다량으로 본다,H증상,173
설사를 한다,설사나 무른 변이 만성적으로 계속된다,I증상,174
설사를 한다,일부에 피가 섞여 있다,I증상,174
설사를 한다,변에 벌레가 있다,I증상,174
설사를 한다,기운이 없어진다,I증상,174
설사를 한다,체중이 감소한다,I증상,174
설사를 한다,배가 부풀어 오르는 증상이 나타난다,I증상,174
설사를 한다,설사나 무른 변이 만성적으로 계속된다,J증상,175
설사를 한다,일부에 피가 섞여 있다,J증상,175
설사를 한다,마른다,J증상,175
설사를 한다,변에 벌레가 있다,J증상,175
설사를 한다,엉덩이를 땅에 문지르거나 핥게 된다,J증상,175
설사를 한다,식욕부진을 보인다,J증상,175
설사를 한다,영양불량이 된다,J증상,175
설사를 한다,설사나 무른 변이 만성적으로 계속된다,K증상,176
설사를 한다,일부에 피가 섞여 있다,K증상,176
설사를 한다,마른다,K증상,176
설사를 한다,변에 벌레가 있다,K증상,176
설사를 한다,장이 확장되어 통증도 나타난다,K증상,176
설사를 한다,식욕이나 기운이 없어진다,K증상,176
설사를 한다,복통이 심해진다,K증상,176
설사를 한다,신장장애나 쇼크 증상이 나타난다,K증상,176
반복적으로 토한다,암컷의 배가 부어 있고. 음부에서 고름이 나오는 등의 증상을 동반한다,A증상,177
반복적으로 토한다,기운이 없다,A증상,177
반복적으로 토한다,물을 많이 마시고. 소변량이 증가한다,A증상,177
반복적으로 토한다,외음부가 부어오른다,A증상,177
반복적으로 토한다,음부에서 불쾌한 냄새가 나는 고름이나 혈농 등의 분비물이 나온다,A증상,177
반복적으로 토한다,임신한 개 처럼 배가 부풀어 오른다,A증상,177
반복적으로 토한다,구토나 설사 등의 증상이 나타난다,A증상,177
반복적으로 토한다,빈혈이나 신부전 증상이 나타난다,A증상,177
반복적으로 토한다,설사나 혈변을 동반한다,B증상,178
반복적으로 토한다,하루에 몇 차례씩 토한다,B증상,178
반복적으로 토한다,토한 내용물이 노랗다,B증상,178
반복적으로 토한다,토한 내용물에 피가 섞여 있다,B증상,178
반복적으로 토한다,출혈을 동반한 점액 상태의 변을 본다,B증상,178
반복적으로 토한다,탈수증상을 일으키고 쇠약해진다,B증상,178
반복적으로 토한다,식후에 토한다,B증상,178
반복적으로 토한다,설사나 혈변을 동반한다,C증상,179
반복적으로 토한다,하루에 몇 차례씩 토한다,C증상,179
반복적으로 토한다,토한 내용물이 노랗다,C증상,179
반복적으로 토한다,토한 내용물에 피가 섞여 있다,C증상,179
반복적으로 토한다,입이나 눈의 점막이 충혈된다,C증상,179
반복적으로 토한다,탈수증상을 일으킨다,C증상,179
반복적으로 토한다,황달이 일어나고 혈뇨가 보인다,C증상,179
반복적으로 토한다,고열이 난다,C증상,179
반복적으로 토한다,식후에 토한다,C증상,179
반복적으로 토한다,설사나 혈변을 동반한다,D증상,180
반복적으로 토한다,하루에 몇 차례씩 토한다,D증상,180
반복적으로 토한다,토한 내용물이 노랗다,D증상,180
반복적으로 토한다,토한 내용물에 피가 섞여 있다,D증상,180
반복적으로 토한다,탈수증상이 있다,D증상,180
반복적으로 토한다,식후에 토한다,D증상,180
반복적으로 토한다,설사나 혈변을 동반한다,E증상,181
반복적으로 토한다,하루에 몇 차례씩 토한다,E증상,181
반복적으로 토한다,토한 내용물이 노랗다,E증상,181
반복적으로 토한다,토한 내용물에 피가 섞여 있다,E증상,181
반복적으로 토한다,식욕이 부진해서 마른다,E증상,181
반복적으로 토한다,검은 변이 나온다,E증상,181
반복적으로 토한다,식후에 토한다,E증상,181
반복적으로 토한다,설사나 혈변을 동반한다,F증상,182
반복적으로 토한다,하루에 몇 차례씩 토한다,F증상,182
반복적으로 토한다,토한 내용물이 노랗다,F증상,182
반복적으로 토한다,토한 내용물에 피가 섞여 있다,F증상,182
반복적으로 토한다,격통 때문에 쇼크증상이 나타난다,F증상,182
반복적으로 토한다,식후에 토한다,F증상,182
반복적으로 토한다,설사나 혈변을 동반한다,G증상,183
반복적으로 토한다,하루에 몇 차례씩 토한다,G증상,183
반복적으로 토한다,토한 내용물이 노랗다,G증상,183
반복적으로 토한다,토한 내용물에 피가 섞여 있다,G증상,183
반복적으로 토한다,악취가 나는 잼 같은 암적색 피가 섞인 변이 나온다,G증상,183
반복적으로 토한다,탈수증상이 나타난다,G증상,183
반복적으로 토한다,호흡이나 심박이 빨라져서 쇼크 증상이 나타난다,G증상,183
반복적으로 토한다,식후에 토한다,G증상,183
반복적으로 토한다,설사나 혈변을 동반한다,H증상,184
반복적으로 토한다,하루에 몇 차례씩 토한다,H증상,184
반복적으로 토한다,토한 내용물이 노랗다,H증상,184
반복적으로 토한다,토한 내용물에 피가 섞여 있다,H증상,184
반복적으로 토한다,식욕이나 기운이 없어진다,H증상,184
반복적으로 토한다,복통이 심해진다,H증상,184
반복적으로 토한다,식후에 토한다,H증상,184
반복적으로 토한다,설사나 혈변을 동반한다,I증상,185
반복적으로 토한다,하루에 몇 차례씩 토한다,I증상,185
반복적으로 토한다,토한 내용물이 노랗다,I증상,185
반복적으로 토한다,토한 내용물에 피가 섞여 있다,I증상,185
반복적으로 토한다,식욕이나 기운이 없어진다,I증상,185
반복적으로 토한다,눈. 입. 피부색이 노랗게 되는 황달증상이 나타난다,I증상,185
반복적으로 토한다,경련이나 근력이 떨어져 비틀거린다,I증상,185
반복적으로 토한다,배에 복수가 차거나 마른다,I증상,185
반복적으로 토한다,식후에 토한다,I증상,185
반복적으로 토한다,설사나 혈변을 동반한다,J증상,186
반복적으로 토한다,하루에 몇 차례씩 토한다,J증상,186
반복적으로 토한다,토한 내용물이 노랗다,J증상,186
반복적으로 토한다,토한 내용물에 피가 섞여 있다,J증상,186
반복적으로 토한다,기운이나 식욕이 완전히 사라진다,J증상,186
반복적으로 토한다,다음. 다뇨 등의 증상을 보이다가 소변량이 적어지고. 어느 순간 전혀 나오지 않는다,J증상,186
반복적으로 토한다,입이 바싹 마를 정도로 심한 탈수증상을 보인다,J증상,186
반복적으로 토한다,식후에 토한다,J증상,186
반복적으로 토한다,설사나 혈변을 동반한다,K증상,187
반복적으로 토한다,하루에 몇 차례씩 토한다,K증상,187
반복적으로 토한다,토한 내용물이 노랗다,K증상,187
반복적으로 토한다,토한 내용물에 피가 섞여 있다,K증상,187
반복적으로 토한다,기운. 식욕이 없어진다,K증상,187
반복적으로 토한다,빈혈 증상을 보인다,K증상,187
반복적으로 토한다,소변에서 구취가 난다,K증상,187
반복적으로 토한다,체중 감소와 함께 모질이 나빠진다,K증상,187
반복적으로 토한다,식후에 토한다,K증상,187
식사 직후에 심하게 자주 토한다,점점 여위어간다,A증상,188
식사 직후에 심하게 자주 토한다,호흡곤란이나 발열을 동반한다,A증상,188
식사 직후에 심하게 자주 토한다,일반적인 구토와 다르게 토할 때 반사적으로 음식물이 튀어나가는 토출이라는 구토증상이 보인다,A증상,188
식사 직후에 심하게 자주 토한다,기운이 없어진다,B증상,189
식사 직후에 심하게 자주 토한다,식욕부진을 일으킨다,B증상,189
토하려는 기색이 있고. 입을 핥거나 침을 흘린다,배에 복수가 차거나 마른다,A증상,190
토하려는 기색이 있고. 입을 핥거나 침을 흘린다,경련이나 근력이 떨어져 비틀거린다,A증상,190
토하려는 기색이 있고. 입을 핥거나 침을 흘린다,눈. 입. 피부색이 노랗게 되는 황달증상이 나타난다,A증상,190
토하려는 기색이 있고. 입을 핥거나 침을 흘린다,식욕이나 기운이 없어진다,A증상,190
피부가 노랗다,구토나 설사가 나온다,A증상,191
피부가 노랗다,식욕이나 기운이 없어진다,A증상,191
피부가 노랗다,경련 또는 근력이 떨어져 비틀거린다,A증상,191
피부가 노랗다,의식이 혼탁해지거나 혼수상태가 발생한다,A증상,191
피부가 노랗다,쉽게 피곤해진다,B증상,192
피부가 노랗다,식욕이 없어진다,B증상,192
피부가 노랗다,운동을 싫어하게 된다,B증상,192
피부가 노랗다,안구 점막이나 잇몸 색이 살짝 하애진다,B증상,192
피부가 노랗다,소변 색이 옅어지거나 간혹 피가 섞인 듯 적갈색이 된다,B증상,192
다치지 않았는데 보라색 멍이 들었다,피를 토하거나 코피가 멈추기 않는다,A증상,193
다치지 않았는데 보라색 멍이 들었다,소변이나 대변에 피가 섞여나온다,A증상,193
다치지 않았는데 보라색 멍이 들었다,입이나  코 등의 점막 등에 멍 같은 보라색 출혈반이 보인다,A증상,193
이상한 냄새가 난다,심한 통증과 함께 열이 난다,A증상,194
이상한 냄새가 난다,심한 가려움을 동반한다,A증상,194
이상한 냄새가 난다,피부에 액체나 고름이 고인 수포나 농포가 생긴다,A증상,194
이상한 냄새가 난다,피부 표면에 우둘투둘한 부스럼이 생긴다,A증상,194
이상한 냄새가 난다,피부가 빨갛다,A증상,194
체중 감소. 물을 많이 마시고 소변량이 증가하는 등의 증상을 동반한다,요독증을 일으키고 경련 등 신경증상이 나타난다,A증상,195
체중 감소. 물을 많이 마시고 소변량이 증가하는 등의 증상을 동반한다,입이 바싹 마를 정도로 심한 탈수증상이 나타난다,A증상,195
체중 감소. 물을 많이 마시고 소변량이 증가하는 등의 증상을 동반한다,구토. 설사 등의 증상이 나타난다,A증상,195
체중 감소. 물을 많이 마시고 소변량이 증가하는 등의 증상을 동반한다,기운이나 식욕이 완전히 사라진다,A증상,195
침이 많다. 입안이나 잇몸이 붉고 출혈이 있다. 이가 흔들린다,밥을 먹기 힘들어 하고 구취가 난다,A증상,196
침이 많다. 입안이나 잇몸이 붉고 출혈이 있다. 이가 흔들린다,식욕이 없어진다,A증상,196
침이 많다. 입안이나 잇몸이 붉고 출혈이 있다. 이가 흔들린다,딱딱한 음식이 잇몸에 닿으면 아파한다,B증상,197
침이 많다. 입안이나 잇몸이 붉고 출혈이 있다. 이가 흔들린다,치구나 치석이 쌓이고 음식을 잘 먹지 못한다,B증상,197
침이 많다. 입안이나 잇몸이 붉고 출혈이 있다. 이가 흔들린다,구취가 심해진다,B증상,197
침이 많다. 입안이나 잇몸이 붉고 출혈이 있다. 이가 흔들린다,이빨이 갈색이나 검은색으로 변한다,C증상,198
침이 많다. 입안이나 잇몸이 붉고 출혈이 있다. 이가 흔들린다,구멍이 뚫리기도 한다,C증상,198
침이 많다. 입안이나 잇몸이 붉고 출혈이 있다. 이가 흔들린다,통증때문에 먹지 못하거나 구취가 심해진다,C증상,198
침이 많다. 입안이나 잇몸이 붉고 출혈이 있다. 이가 흔들린다,딱딱한 것을 깨물지 못한다,D증상,199
침이 많다. 입안이나 잇몸이 붉고 출혈이 있다. 이가 흔들린다,고름이 고여 얼굴이 부어오른다,D증상,199
침이 많다. 입안이나 잇몸이 붉고 출혈이 있다. 이가 흔들린다,코에서 피가 나거나 고름이 나기도 한다,D증상,199
침이 많다. 입안이나 잇몸이 붉고 출혈이 있다. 이가 흔들린다,혹이나 종기가 입안에 생겼거나 점막이 문드러진다,E증상,200
침이 많다. 입안이나 잇몸이 붉고 출혈이 있다. 이가 흔들린다,침이 흐르거나 입을 벌린 상태로 있는다,E증상,200
침이 많다. 입안이나 잇몸이 붉고 출혈이 있다. 이가 흔들린다,음식물을 잘 물지 못한다,E증상,200
침이 많다. 입안이나 잇몸이 붉고 출혈이 있다. 이가 흔들린다,검은 종양으로 점막이나 혀에 생긴다,E증상,200
침이 많다. 입안이나 잇몸이 붉고 출혈이 있다. 이가 흔들린다,이가 갈색이나 검게 변색되었다,E증상,200
침이 많다. 입안이나 잇몸이 붉고 출혈이 있다. 이가 흔들린다,입속에 멍울이나 혹이 있다,E증상,200
이가 갈색이나 검게 변색되었다,이빨이 쉽게 부러진다,A증상,201
이가 갈색이나 검게 변색되었다,치구나 치석이 쉽게 낀다,A증상,201
열 이외에도 심각한 증상을 동반한다,경련이나 의식장애를 일으킨다,A증상,202
열 이외에도 심각한 증상을 동반한다,호흡이 이상하다,A증상,202
열 이외에도 심각한 증상을 동반한다,축 늘어져 있다,A증상,202
열 이외에도 심각한 증상을 동반한다,변이나 소변을 실례한다,A증상,202
열 이외에도 심각한 증상을 동반한다,기운이나 식욕이 없다,A증상,202
열 이외에도 심각한 증상을 동반한다,설사나 구토를 동반한다,A증상,202
열 이외에도 심각한 증상을 동반한다,미열이 있다,A증상,202
열 이외에도 심각한 증상을 동반한다,콧구멍이 실룩거린다,A증상,202
열 이외에도 심각한 증상을 동반한다,심박 수가 증가한다,A증상,202
열 이외에도 심각한 증상을 동반한다,숨을 헐떡인다,A증상,202
열 이외에도 심각한 증상을 동반한다,호흡을 괴로워한다,A증상,202
열 이외에도 심각한 증상을 동반한다,경련이나 의식장애를 일으킨다,B증상,203
열 이외에도 심각한 증상을 동반한다,호흡이 이상하다,B증상,203
열 이외에도 심각한 증상을 동반한다,축 늘어져 있다,B증상,203
열 이외에도 심각한 증상을 동반한다,변이나 소변을 실례한다,B증상,203
열 이외에도 심각한 증상을 동반한다,기운이나 식욕이 없다,B증상,203
열 이외에도 심각한 증상을 동반한다,설사나 구토를 동반한다,B증상,203
열 이외에도 심각한 증상을 동반한다,미열이 있다,B증상,203
열 이외에도 심각한 증상을 동반한다,암컷의 배가 부어 있고. 음부에서 고름이 나오는 등의 증상을 동반한다,B증상,203
열 이외에도 심각한 증상을 동반한다,물을 많이 마시고. 소변량이 증가한다,B증상,203
열 이외에도 심각한 증상을 동반한다,외음부가 부어오른다,B증상,203
열 이외에도 심각한 증상을 동반한다,음부에서 불쾌한 냄새가 나는 고름이나 혈농 등의 분비물이 나온다,B증상,203
열 이외에도 심각한 증상을 동반한다,임신한 개 처럼 배가 부풀어 오른다,B증상,203
열 이외에도 심각한 증상을 동반한다,경련이나 의식장애를 일으킨다,C증상,204
열 이외에도 심각한 증상을 동반한다,호흡이 이상하다,C증상,204
열 이외에도 심각한 증상을 동반한다,축 늘어져 있다,C증상,204
열 이외에도 심각한 증상을 동반한다,변이나 소변을 실례한다,C증상,204
열 이외에도 심각한 증상을 동반한다,미열이 있다,C증상,204
열 이외에도 심각한 증상을 동반한다,기운이나 식욕이 없다,C증상,204
열 이외에도 심각한 증상을 동반한다,설사나 구토를 동반한다,C증상,204
열 이외에도 심각한 증상을 동반한다,콧구멍이 실룩거린다,C증상,204
열 이외에도 심각한 증상을 동반한다,누렇고 탁한 콧물이 난다,C증상,204
열 이외에도 심각한 증상을 동반한다,숨소리에 큰 잡음이 들린다,C증상,204
열 이외에도 심각한 증상을 동반한다,소변이 나오지 않는다. 보기 힘들어 한다,C증상,204
열 이외에도 심각한 증상을 동반한다,코피가 난다,C증상,204
열 이외에도 심각한 증상을 동반한다,경련이나 의식장애를 일으킨다,D증상,205
열 이외에도 심각한 증상을 동반한다,호흡이 이상하다,D증상,205
열 이외에도 심각한 증상을 동반한다,축 늘어져 있다,D증상,205
열 이외에도 심각한 증상을 동반한다,변이나 소변을 실례한다,D증상,205
열 이외에도 심각한 증상을 동반한다,미열이 있다,D증상,205
열 이외에도 심각한 증상을 동반한다,기운이나 식욕이 없다,D증상,205
열 이외에도 심각한 증상을 동반한다,설사나 구토를 동반한다,D증상,205
열 이외에도 심각한 증상을 동반한다,귀가 들리지 않는다,D증상,205
열 이외에도 심각한 증상을 동반한다,걷는 모습이 이상하다,D증상,205
열 이외에도 심각한 증상을 동반한다,평행감각을 잃고 쓰러진다,D증상,205
열 이외에도 심각한 증상을 동반한다,같은 장소를 빙글빙글 돈다,D증상,205
열 이외에도 심각한 증상을 동반한다,경련이나 의식장애를 일으킨다,E증상,206
열 이외에도 심각한 증상을 동반한다,호흡이 이상하다,E증상,206
열 이외에도 심각한 증상을 동반한다,축 늘어져 있다,E증상,206
열 이외에도 심각한 증상을 동반한다,변이나 소변을 실례한다,E증상,206
열 이외에도 심각한 증상을 동반한다,미열이 있다,E증상,206
열 이외에도 심각한 증상을 동반한다,기운이나 식욕이 없다,E증상,206
열 이외에도 심각한 증상을 동반한다,설사나 구토를 동반한다,E증상,206
열 이외에도 심각한 증상을 동반한다,다리를 절룩거리거나 한쪽 다리를 들고 다닌다,E증상,206
열 이외에도 심각한 증상을 동반한다,걷는 모습이 이상하다,E증상,206
열 이외에도 심각한 증상을 동반한다,관절에서 소리가 난다,E증상,206
열 이외에도 심각한 증상을 동반한다,관절 부위가 부어오른다,E증상,206
열 이외에도 심각한 증상을 동반한다,운동을 싫어한다,E증상,206
열 이외에도 심각한 증상을 동반한다,경련이나 의식장애를 일으킨다,F증상,207
열 이외에도 심각한 증상을 동반한다,호흡이 이상하다,F증상,207
열 이외에도 심각한 증상을 동반한다,축 늘어져 있다,F증상,207
열 이외에도 심각한 증상을 동반한다,변이나 소변을 실례한다,F증상,207
열 이외에도 심각한 증상을 동반한다,미열이 있다,F증상,207
열 이외에도 심각한 증상을 동반한다,기운이나 식욕이 없다,F증상,207
열 이외에도 심각한 증상을 동반한다,설사나 구토를 동반한다,F증상,207
열 이외에도 심각한 증상을 동반한다,붉은 기가 있다. 습진이 나타난다. 가려워한다. 비듬이 많다,F증상,207
열 이외에도 심각한 증상을 동반한다,입안이나 눈 주변이나 항문 주변등에 심한 가려움증을 동반한 염증이나 탈모가 일어난다,F증상,207
열 이외에도 심각한 증상을 동반한다,손가락 사이나 발패드. 귀 .코 등에 염증이 일어난다,F증상,207
열 이외에도 심각한 증상을 동반한다,딱지나 탈모가 발생한다,F증상,207
열 이외에도 심각한 증상을 동반한다,발열이나 탈수증상이 나타난다,F증상,207
열 이외에도 심각한 증상을 동반한다,신장장애. 빈혈 등의 전신증상이 나타난다,F증상,207
열 이외에도 심각한 증상을 동반한다,경련이나 의식장애를 일으킨다,G증상,208
열 이외에도 심각한 증상을 동반한다,호흡이 이상하다,G증상,208
열 이외에도 심각한 증상을 동반한다,축 늘어져 있다,G증상,208
열 이외에도 심각한 증상을 동반한다,변이나 소변을 실례한다,G증상,208
열 이외에도 심각한 증상을 동반한다,미열이 있다,G증상,208
열 이외에도 심각한 증상을 동반한다,기운이나 식욕이 없다,G증상,208
열 이외에도 심각한 증상을 동반한다,설사나 구토를 동반한다,G증상,208
열 이외에도 심각한 증상을 동반한다,귀가 들리지 않는다,G증상,208
열 이외에도 심각한 증상을 동반한다,귀를 가려워한다. 아파한다. 머리를 흔든다,G증상,208
열 이외에도 심각한 증상을 동반한다,걷는 모습이 이상하다,G증상,208
기침을 한다,호흡곤란을 동반한다,A증상,209
기침을 한다,호흡을 괴로워한다,A증상,209
기침을 한다,호흡이 이상하게 빠르다,A증상,209
기침을 한다,콧구멍이 실룩거린다,A증상,209
기침을 한다,기침이 자주 나온다,A증상,209
기침을 한다,하악거리는 괴로운 숨소리를 낸다,A증상,209
기침을 한다,가슴에 귀를 대면 힘들게 쌔액쌔액거리는 건조한 소리가 들린다,A증상,209
기침을 한다,고열이 나고. 호흡이 얕고 빠르게 진행되어 호흡곤란 증상이 보인다,A증상,209
기침을 한다,숨소리가 달라진다,B증상,210
기침을 한다,기침할 때 거품이나 피가 섞여 나온다,B증상,210
기침을 한다,비정상적으로 빠르게 숨을 쉰다,B증상,210
기침을 한다,마른 기침을 한다,B증상,210
기침을 한다,혀가 퍼렇게 변한다,B증상,210
기침을 한다,코에서 물과 같은 액체가 나온다,B증상,210
기침을 한다,호흡 시 쉭쉭거리는 소리가 난다,B증상,210
기침을 한다,입을 벌리고 숨을 쉰다,B증상,210
기침을 한다,숨소리가 달라진다,C증상,211
기침을 한다,운동을 싫어한다,C증상,211
기침을 한다,기력이 없다,C증상,211
기침을 한다,거품이 섞인 침이 나온다,C증상,211
기침을 한다,호흡이 빨라진다,C증상,211
기침을 한다,숨소리에 쌕쌕거리는 소리가 들린다,C증상,211
기침을 한다,호흡이 이상하게 빠르다,C증상,211
기침을 한다,뭔가가 목을 막고 있거나 걸려 있어 토할 듯한 모습을 보인다,C증상,211
기침을 한다,콧물이나 열이 난다,C증상,211
기침을 한다,식욕이 감퇴한다,C증상,211
기침을 한다,새끼에게 열이나 재채기. 눈곱 등이 나온다,D증상,212
기침을 한다,기력이 없다,D증상,212
기침을 한다,열이 난다,D증상,212
기침을 한다,식욕이 없다,D증상,212
기침을 한다,맑은 콧물을 흘린다,D증상,212
기침을 한다,발작을 일으키거나 의식을 잃는다,D증상,212
기침을 한다,설사를 한다,D증상,212
기침을 한다,재채기를 자주 한다,D증상,212
기침을 한다,혈액이 섞인 소변 또는 대변을 본다,D증상,212
기침을 한다,탈수증상을 보인다,D증상,212
기침을 한다,쉽게 피곤해한다(운동을 꺼린다),D증상,212
기침을 한다,기침 횟수가 많고 장기화된다. 열이 있다,D증상,212
기침을 한다,기침 횟수가 많고 장기화된다. 열이 있다,E증상,213
기침을 한다,콧물이 끈적인다,E증상,213
기침을 한다,물 같은 콧물이 나온다,E증상,213
기침을 한다,콧물에 피가 섞여 있다,E증상,213
기침을 한다,마르고 심한 기침이 나온다,E증상,213
기침을 한다,가래가 껴서 토하거나 미열이 난다,E증상,213
기침을 한다,숨을 쉬기 힘들어한다,F증상,214
기침을 한다,기침 횟수가 많고 장기화된다. 열이 있다,F증상,214
기침을 한다,혈액이 섞인 소변 또는 대변을 본다,F증상,214
기침을 한다,탈수증상을 보인다,F증상,214
기침을 한다,쉽게 피곤해한다(운동을 꺼린다),F증상,214
기침을 한다,기침으로 인하여 복수가 빵빵하게 부어오른다,F증상,214
기침을 한다,적갈색. 커피색 소변이 나온다,F증상,214
기침을 한다,식욕부진 증상이 나타난다,F증상,214
기침을 한다,숨소리에 쌕쌕거리는 소리가 들린다,G증상,215
기침을 한다, 혀 또는 잇몸이 퍼렇게 변한다,G증상,215
기침을 한다,거위 울음소리 같은 기침을 한다,G증상,215
기침을 한다,숨을 쉬기 힘들어한다,G증상,215
기침을 한다,호흡을 괴로워한다,H증상,216
기침을 한다,주저앉는다. 턱을 들고 숨쉰다,H증상,216
기침을 한다,눕지 못한다,H증상,216
기침을 한다,배에 복수가 차서 부풀어 오른다,H증상,216
기침을 한다,맥박이 흐트러지거나 사지의 부종 등 증상이 나타난다,H증상,216
기침을 한다,기침 횟수가 많고 장기화된다. 열이 있다,H증상,216
기침을 한다,기침 횟수가 많고 장기화된다. 열이 있다,I증상,217
기침을 한다,운동이나 흥분한 후에 목이 막힌 듯이 건조한 기침이 나온다,I증상,217
기침을 한다,쉽게 피곤해진다,I증상,217
기침을 한다,산책이나 운동을 싫어한다,I증상,217
기침을 한다,주저앉거나 실신한다,I증상,217
전신에 경련을 일으킨다,경련이 몇분 이상 장기화된다,A증상,218
전신에 경련을 일으킨다,뭔가를 먹은 후 경련을 일으킨다,A증상,218
전신에 경련을 일으킨다,발작은 짧은 시간에 잦아들었다,A증상,218
전신에 경련을 일으킨다,부분적으로 경련을 일으킨다,A증상,218
전신에 경련을 일으킨다,입에서 거품이 끓어오르거나 호흡곤란을 일으키고 대변이나 소변을 지린다,A증상,218
전신에 경련을 일으킨다,발작 후에 이상한 식욕을 보이거나 물을 대량으로 들이키거나 혼수상태가 되기도 한다.,A증상,218
전신에 경련을 일으킨다,경련이 몇분 이상 장기화된다,B증상,219
전신에 경련을 일으킨다,뭔가를 먹은 후 경련을 일으킨다,B증상,219
전신에 경련을 일으킨다,발작은 짧은 시간에 잦아들었다,B증상,219
전신에 경련을 일으킨다,누렇고 탁한 콧물이 난다,B증상,219
전신에 경련을 일으킨다,식욕이 감소한다,B증상,219
전신에 경련을 일으킨다,숨을 쉬기 힘들어한다,B증상,219
전신에 경련을 일으킨다,숨소리에 큰 잡음이 들린다,B증상,219
전신에 경련을 일으킨다,소변 색이 빨갛다,B증상,219
전신에 경련을 일으킨다,소변이 꼬박 하루 동안 나오지 않는다,B증상,219
전신에 경련을 일으킨다,구토를 동반한다,B증상,219
전신에 경련을 일으킨다,코피가 좀처럼 멈추지 않거나 대량으로 난다,B증상,219
전신에 경련을 일으킨다,경련이 몇분 이상 장기화된다,C증상,220
전신에 경련을 일으킨다,뭔가를 먹은 후 경련을 일으킨다,C증상,220
전신에 경련을 일으킨다,발작은 짧은 시간에 잦아들었다,C증상,220
전신에 경련을 일으킨다,갑자기 기운이나 식욕이 완전히 사라진다,C증상,220
전신에 경련을 일으킨다,다음. 다뇨 등의 증상을 보이다가 소변량이 적어지고. 어느 순간 전혀 나오지 않게 된다,C증상,220
전신에 경련을 일으킨다,구토. 설사 등의 증상이 나타난다,C증상,220
전신에 경련을 일으킨다,입이 바싹 마를 정도로 심한 탈수증상을 보인다,C증상,220
전신에 경련을 일으킨다,소변색이 옅다,C증상,220
전신에 경련을 일으킨다,모질이 나빠지며 마르기 시작한다,C증상,220
전신에 경련을 일으킨다,빈혈을 일으킨다,C증상,220
전신에 경련을 일으킨다,경련이 몇분 이상 장기화된다,D증상,221
전신에 경련을 일으킨다,뭔가를 먹은 후 경련을 일으킨다,D증상,221
전신에 경련을 일으킨다,발작은 짧은 시간에 잦아들었다,D증상,221
전신에 경련을 일으킨다,침을 흘리면서 배회한다,D증상,221
전신에 경련을 일으킨다,흉포해진다,D증상,221
전신에 경련을 일으킨다,근육이 마비되면서 움직이지 못한다,D증상,221
전신에 경련을 일으킨다,경련이 몇분 이상 장기화된다,E증상,222
전신에 경련을 일으킨다,뭔가를 먹은 후 경련을 일으킨다,E증상,222
전신에 경련을 일으킨다,발작은 짧은 시간에 잦아들었다,E증상,222
전신에 경련을 일으킨다,식욕이나 기운이 없어진다,E증상,222
전신에 경련을 일으킨다,기침이나 끈적거리는 눈곱에 콧물. 설사. 구토 등의 증상이 나타난다,E증상,222
전신에 경련을 일으킨다,신체 일부를 움찔거리거나. 의식을 잃는 신경증상이 나타난다,E증상,222
의식을 잃는다,실신이 몇 분 이상 지속된다,A증상,223
의식을 잃는다,바로 의식을 되찾았지만 기운이 없다,A증상,223
의식을 잃는다,금방 피곤하고 기침이나 구토. 호흡곤란 등의 증상이 나타난다,A증상,223
의식을 잃는다,실신이 몇 분 이상 지속된다,B증상,224
의식을 잃는다,바로 의식을 되찾았지만 기운이 없다,B증상,224
의식을 잃는다,금방 피곤해지고 기침. 호흡곤란. 구토 등의 증상이 나타난다,B증상,224
의식을 잃는다,몸이 자라지 않기도 한다,B증상,224
의식을 잃는다,실신이 몇 분 이상 지속된다,C증상,225
의식을 잃는다,바로 의식을 되찾았지만 기운이 없다,C증상,225
의식을 잃는다,쉽게 피곤해진다,C증상,225
의식을 잃는다,호흡곤란이나 심한 기침. 부종 등이 생긴다,C증상,225
의식을 잃는다,실신이 몇 분 이상 지속된다,D증상,226
의식을 잃는다,바로 의식을 되찾았지만 기운이 없다,D증상,226
의식을 잃는다,기침이 만성화되고 천식처럼 심해진다,D증상,226
의식을 잃는다,기침을 하면서 자극으로 복수가 차서 빵빵하게 부어오른다,D증상,226
의식을 잃는다,호흡곤란이나 식욕부진. 운동을 싫어하는 등의 증상을 보인다,D증상,226
의식을 잃는다,커피색 소변이 배출된다,D증상,226
의식을 잃는다,실신이 몇 분 이상 지속된다,E증상,227
의식을 잃는다,바로 의식을 되찾았지만 기운이 없다,E증상,227
의식을 잃는다,기침 횟수가 많고 장기화된다. 열이 있다,E증상,227
의식을 잃는다,운동이나 흥분한 후에 목이 막힌 듯이 건조한 기침이 나온다,E증상,227
의식을 잃는다,쉽게 피곤해진다,E증상,227
의식을 잃는다,산책이나 운동을 싫어한다,E증상,227
의식을 잃는다,주저 앉는다,E증상,227
의식을 잃는다,실신이 몇 분 이상 지속된다,F증상,228
의식을 잃는다,바로 의식을 되찾았지만 기운이 없다,F증상,228
의식을 잃는다,주저앉는다. 턱을 들고 숨쉰다,F증상,228
의식을 잃는다, 눕지 못한다,F증상,228
의식을 잃는다,배에 복수가 차서 부풀어 오른다,F증상,228
의식을 잃는다,맥박이 흐트러지거나 사지의 부종 등 증상이 나타난다,F증상,228
의식을 잃는다,기침 횟수가 많고 장기화된다. 열이 있다,F증상,228
의식을 잃는다,실신이 몇 분 이상 지속된다,G증상,229
의식을 잃는다,바로 의식을 되찾았지만 기운이 없다,G증상,229
의식을 잃는다,쉽게 피곤해지거나 호흡이 거칠어진다,G증상,229
의식을 잃는다,입술 등의 점막이 보라색이 되는 청색증을 일으킨다,G증상,229
배가 부어오른다,단시간에 급격하게 배가 붓는다,A증상,230
배가 부어오른다,호흡곤란이 있고 토하는 동작을 반복한다,A증상,230
배가 부어오른다,트름을 하고 침을 대량으로 흘린다,A증상,230
배가 부어오른다,기력이 없다,A증상,230
배가 부어오른다,복부에 통증을 느낀다,A증상,230
배가 부어오른다,숨을 쉬기 힘들어한다,A증상,230
배가 부어오른다,열이 난다,A증상,230
배가 부어오른다,하복부가 붓는다,B증상,231
배가 부어오른다,암컷이고 호흡이 거칠거나 토한다,B증상,231
배가 부어오른다,기력이 없다,B증상,231
배가 부어오른다,식욕이 없다,B증상,231
배가 부어오른다,구토를 한다,B증상,231
배가 부어오른다,물을 많이 마신다,B증상,231
배가 부어오른다,우울증을 보인다,B증상,231
배가 부어오른다,음부에서 불쾌한 냄새가 나는 고름이나 혈농 등의 분비물이 나온다,B증상,231
배가 부어오른다,하복부가 붓는다,C증상,232
배가 부어오른다,소변이 나오지 않는다,C증상,232
배가 부어오른다,소변보기를 힘들어 한다,C증상,232
배가 부어오른다,소변 색에 이상이 있고 소변이 나오지 않거나 누기 힘들어 한다,C증상,232
배가 부어오른다,배뇨 포즈를 취해도 전혀 나오지 않는다,C증상,232
배가 부어오른다,빈뇨가 되거나 소변을 잘 못본다,C증상,232
배가 부어오른다,방광 근처를 만졌을 때 단단한 응어리가 느껴진다,C증상,232
배가 부어오른다,1~2회 설사를 했다,D증상,233
배가 부어오른다,건강하고 식욕도 있다,D증상,233
배가 부어오른다,실신이 몇 분 이상 지속된다,D증상,233
배가 부어오른다,쉽게 피곤해진다,D증상,233
배가 부어오른다,호흡곤란이나 심한 기침. 부종 등이 생긴다,D증상,233
배가 부어오른다,체중이 감소한다,D증상,233
배가 부어오른다,1~2회 설사를 했다,E증상,234
배가 부어오른다,건강하고 식욕도 있다,E증상,234
배가 부어오른다,실신이 몇 분 이상 지속된다,E증상,234
배가 부어오른다,금방 피곤해지고 기침. 호흡곤란. 구토 등의 증상이 나타난다,E증상,234
배가 부어오른다,몸이 자라지 않기도 한다,E증상,234
배가 부어오른다,1~2회 설사를 했다,F증상,235
배가 부어오른다,건강하고 식욕도 있다,F증상,235
배가 부어오른다,주저앉는다. 턱을 들고 숨쉰다,F증상,235
배가 부어오른다,눕지 못한다,F증상,235
배가 부어오른다,호흡을 괴로워한다,F증상,235
배가 부어오른다,기침 횟수가 많고 장기화된다. 열이 있다,F증상,235
배가 부어오른다,실신이 몇 분 이상 지속된다,F증상,235
배가 부어오른다,의식을 잃은 후 바로 의식을 되찾았지만 기운이 없다,F증상,235
배가 부어오른다,1~2회 설사를 했다,G증상,236
배가 부어오른다,건강하고 식욕도 있다,G증상,236
배가 부어오른다,숨을 쉬기 힘들어한다,G증상,236
배가 부어오른다,기침을 자주 한다,G증상,236
배가 부어오른다,혈액이 섞인 소변 또는 대변을 본다,G증상,236
배가 부어오른다,탈수증상을 보인다,G증상,236
배가 부어오른다,쉽게 피곤해한다(운동을 꺼린다),G증상,236
배가 부어오른다,탈모를 동반한다,H증상,237
배가 부어오른다,다음다뇨 증상이 나타난다,H증상,237
배가 부어오른다,식욕이 증진하여 평소보다 많이 먹는다,H증상,237
배가 부어오른다,복부가 늘어지고 다리 힘이 약해진다,H증상,237
배가 부어오른다,배 일부가 붓는다,I증상,238
배가 부어오른다,설사나 무른 변이 만성적으로 계속된다,I증상,238
배가 부어오른다,변에 벌레가 있다,I증상,238
배가 부어오른다,기운이 없어진다,I증상,238
배가 부어오른다,체중이 감소한다,I증상,238
배가 부어오른다,이따금 토한다,I증상,238
